Jurisdiction,Week of Allocations,1st Dose Allocations,2nd Dose Allocations
Connecticut,4/19/2021,54990,54990
Maine,4/19/2021,21060,21060
Massachusetts,4/19/2021,105300,105300
New Hampshire,4/19/2021,21060,21060
Rhode Island,4/19/2021,16380,16380
Vermont,4/19/2021,10530,10530
New Jersey,4/19/2021,132210,132210
New York,4/19/2021,168480,168480
New York City,4/19/2021,128700,128700
Puerto Rico,4/19/2021,52650,52650
U.S. Virgin Islands,4/19/2021,2340,2340
Delaware,4/19/2021,15210,15210
District of Columbia,4/19/2021,11700,11700
Maryland,4/19/2021,90090,90090
Pennsylvania,4/19/2021,170820,170820
Philadelphia,4/19/2021,24570,24570
Virginia,4/19/2021,126360,126360
West Virginia,4/19/2021,28080,28080
Alabama,4/19/2021,72540,72540
Florida,4/19/2021,314730,314730
Georgia,4/19/2021,149760,149760
Kentucky,4/19/2021,66690,66690
Mississippi,4/19/2021,44460,44460
North Carolina,4/19/2021,150930,150930
South Carolina,4/19/2021,74880,74880
Tennessee,4/19/2021,99450,99450
Chicago,4/19/2021,40950,40950
Illinois,4/19/2021,149760,149760
Indiana,4/19/2021,97110,97110
Michigan,4/19/2021,148590,148590
Minnesota,4/19/2021,81900,81900
Ohio,4/19/2021,173160,173160
Wisconsin,4/19/2021,86580,86580
Arkansas,4/19/2021,44460,44460
Louisiana,4/19/2021,69030,69030
New Mexico,4/19/2021,31590,31590
Oklahoma,4/19/2021,57330,57330
Texas,4/19/2021,394290,394290
Iowa,4/19/2021,46800,46800
Kansas,4/19/2021,42120,42120
Missouri,4/19/2021,90090,90090
Nebraska,4/19/2021,28080,28080
Colorado,4/19/2021,81900,81900
Montana,4/19/2021,16380,16380
North Dakota,4/19/2021,11700,11700
South Dakota,4/19/2021,12870,12870
Utah,4/19/2021,40950,40950
Wyoming,4/19/2021,9360,9360
Arizona,4/19/2021,102960,102960
California,4/19/2021,575640,575640
Hawaii,4/19/2021,22230,22230
Nevada,4/19/2021,43290,43290
American Samoa,4/19/2021,0,0
Guam,4/19/2021,0,0
Marshall Islands,4/19/2021,0,0
Micronesia,4/19/2021,0,0
Mariana Islands,4/19/2021,0,0
Palau,4/19/2021,0,0
Alaska,4/19/2021,0,0
Idaho,4/19/2021,24570,24570
Oregon,4/19/2021,62010,62010
Washington,4/19/2021,109980,109980
Federal Entities,4/19/2021,203580,203580
Connecticut,4/12/2021,51480,51480
Maine,4/12/2021,19890,19890
Massachusetts,4/12/2021,97110,97110
New Hampshire,4/12/2021,19890,19890
Rhode Island,4/12/2021,15210,15210
Vermont,4/12/2021,9360,9360
New Jersey,4/12/2021,124020,124020
New York,4/12/2021,156780,156780
New York City,4/12/2021,119340,119340
Puerto Rico,4/12/2021,49140,49140
U.S. Virgin Islands,4/12/2021,2340,2340
Delaware,4/12/2021,14040,14040
District of Columbia,4/12/2021,10530,10530
Maryland,4/12/2021,83070,83070
Pennsylvania,4/12/2021,159120,159120
Philadelphia,4/12/2021,22230,22230
Virginia,4/12/2021,117000,117000
West Virginia,4/12/2021,26910,26910
Alabama,4/12/2021,67860,67860
Florida,4/12/2021,293670,293670
Georgia,4/12/2021,139230,139230
Kentucky,4/12/2021,62010,62010
Mississippi,4/12/2021,40950,40950
North Carolina,4/12/2021,140400,140400
South Carolina,4/12/2021,69030,69030
Tennessee,4/12/2021,92430,92430
Chicago,4/12/2021,37440,37440
Illinois,4/12/2021,139230,139230
Indiana,4/12/2021,91260,91260
Michigan,4/12/2021,139230,139230
Minnesota,4/12/2021,76050,76050
Ohio,4/12/2021,161460,161460
Wisconsin,4/12/2021,80730,80730
Arkansas,4/12/2021,40950,40950
Louisiana,4/12/2021,64350,64350
New Mexico,4/12/2021,29250,29250
Oklahoma,4/12/2021,53820,53820
Texas,4/12/2021,367380,367380
Iowa,4/12/2021,43290,43290
Kansas,4/12/2021,39780,39780
Missouri,4/12/2021,84240,84240
Nebraska,4/12/2021,26910,26910
Colorado,4/12/2021,76050,76050
Montana,4/12/2021,15210,15210
North Dakota,4/12/2021,10530,10530
South Dakota,4/12/2021,11700,11700
Utah,4/12/2021,38610,38610
Wyoming,4/12/2021,8190,8190
Arizona,4/12/2021,95940,95940
California,4/12/2021,535860,535860
Hawaii,4/12/2021,19890,19890
Nevada,4/12/2021,40950,40950
American Samoa,4/12/2021,0,0
Guam,4/12/2021,0,0
Marshall Islands,4/12/2021,0,0
Micronesia,4/12/2021,0,0
Mariana Islands,4/12/2021,0,0
Palau,4/12/2021,0,0
Alaska,4/12/2021,0,0
Idaho,4/12/2021,23400,23400
Oregon,4/12/2021,58500,58500
Washington,4/12/2021,102960,102960
Federal Entities,4/12/2021,201240,201240
Connecticut,4/5/2021,50310,50310
Maine,4/5/2021,19890,19890
Massachusetts,4/5/2021,95940,95940
New Hampshire,4/5/2021,19890,19890
Rhode Island,4/5/2021,15210,15210
Vermont,4/5/2021,9360,9360
New Jersey,4/5/2021,120510,120510
New York,4/5/2021,153270,153270
New York City,4/5/2021,117000,117000
Puerto Rico,4/5/2021,47970,47970
U.S. Virgin Islands,4/5/2021,2340,2340
Delaware,4/5/2021,14040,14040
District of Columbia,4/5/2021,10530,10530
Maryland,4/5/2021,81900,81900
Pennsylvania,4/5/2021,155610,155610
Philadelphia,4/5/2021,22230,22230
Virginia,4/5/2021,114660,114660
West Virginia,4/5/2021,25740,25740
Alabama,4/5/2021,66690,66690
Florida,4/5/2021,286650,286650
Georgia,4/5/2021,136890,136890
Kentucky,4/5/2021,60840,60840
Mississippi,4/5/2021,39780,39780
North Carolina,4/5/2021,138060,138060
South Carolina,4/5/2021,67860,67860
Tennessee,4/5/2021,90090,90090
Chicago,4/5/2021,37440,37440
Illinois,4/5/2021,136890,136890
Indiana,4/5/2021,88920,88920
Michigan,4/5/2021,135720,135720
Minnesota,4/5/2021,74880,74880
Ohio,4/5/2021,157950,157950
Wisconsin,4/5/2021,79560,79560
Arkansas,4/5/2021,39780,39780
Louisiana,4/5/2021,62010,62010
New Mexico,4/5/2021,29250,29250
Oklahoma,4/5/2021,52650,52650
Texas,4/5/2021,359190,359190
Iowa,4/5/2021,42120,42120
Kansas,4/5/2021,38610,38610
Missouri,4/5/2021,83070,83070
Nebraska,4/5/2021,25740,25740
Colorado,4/5/2021,74880,74880
Montana,4/5/2021,15210,15210
North Dakota,4/5/2021,10530,10530
South Dakota,4/5/2021,11700,11700
Utah,4/5/2021,37440,37440
Wyoming,4/5/2021,8190,8190
Arizona,4/5/2021,93600,93600
California,4/5/2021,524160,524160
Hawaii,4/5/2021,19890,19890
Nevada,4/5/2021,39780,39780
American Samoa,4/5/2021,0,0
Guam,4/5/2021,0,0
Marshall Islands,4/5/2021,0,0
Micronesia,4/5/2021,0,0
Mariana Islands,4/5/2021,0,0
Palau,4/5/2021,0,0
Alaska,4/5/2021,0,0
Idaho,4/5/2021,22230,22230
Oregon,4/5/2021,57330,57330
Washington,4/5/2021,100620,100620
Federal Entities,4/5/2021,243360,243360
Connecticut,3/29/2021,60840,60840
Maine,3/29/2021,23400,23400
Massachusetts,3/29/2021,117000,117000
New Hampshire,3/29/2021,23400,23400
Rhode Island,3/29/2021,18720,18720
Vermont,3/29/2021,11700,11700
New Jersey,3/29/2021,148590,148590
New York,3/29/2021,188370,188370
New York City,3/29/2021,143910,143910
Puerto Rico,3/29/2021,58500,58500
U.S. Virgin Islands,3/29/2021,2340,2340
Delaware,3/29/2021,16380,16380
District of Columbia,3/29/2021,12870,12870
Maryland,3/29/2021,100620,100620
Pennsylvania,3/29/2021,190710,190710
Philadelphia,3/29/2021,26910,26910
Virginia,3/29/2021,140400,140400
West Virginia,3/29/2021,31590,31590
Alabama,3/29/2021,80730,80730
Florida,3/29/2021,352170,352170
Georgia,3/29/2021,167310,167310
Kentucky,3/29/2021,73710,73710
Mississippi,3/29/2021,49140,49140
North Carolina,3/29/2021,168480,168480
South Carolina,3/29/2021,83070,83070
Tennessee,3/29/2021,111150,111150
Chicago,3/29/2021,45630,45630
Illinois,3/29/2021,167310,167310
Indiana,3/29/2021,108810,108810
Michigan,3/29/2021,166140,166140
Minnesota,3/29/2021,91260,91260
Ohio,3/29/2021,194220,194220
Wisconsin,3/29/2021,97110,97110
Arkansas,3/29/2021,49140,49140
Louisiana,3/29/2021,77220,77220
New Mexico,3/29/2021,35100,35100
Oklahoma,3/29/2021,64350,64350
Texas,3/29/2021,441090,441090
Iowa,3/29/2021,51480,51480
Kansas,3/29/2021,47970,47970
Missouri,3/29/2021,101790,101790
Nebraska,3/29/2021,31590,31590
Colorado,3/29/2021,92430,92430
Montana,3/29/2021,17550,17550
North Dakota,3/29/2021,12870,12870
South Dakota,3/29/2021,14040,14040
Utah,3/29/2021,46800,46800
Wyoming,3/29/2021,10530,10530
Arizona,3/29/2021,114660,114660
California,3/29/2021,644670,644670
Hawaii,3/29/2021,24570,24570
Nevada,3/29/2021,49140,49140
American Samoa,3/29/2021,11700,0
Guam,3/29/2021,25740,0
Marshall Islands,3/29/2021,0,0
Micronesia,3/29/2021,0,0
Mariana Islands,3/29/2021,11700,0
Palau,3/29/2021,0,0
Alaska,3/29/2021,91260,79560
Idaho,3/29/2021,26910,26910
Oregon,3/29/2021,70200,70200
Washington,3/29/2021,122850,122850
Federal Entities,3/29/2021,201240,201240
Connecticut,3/22/2021,50310,50310
Maine,3/22/2021,19890,19890
Massachusetts,3/22/2021,95940,95940
New Hampshire,3/22/2021,19890,19890
Rhode Island,3/22/2021,15210,15210
Vermont,3/22/2021,9360,9360
New Jersey,3/22/2021,120510,120510
New York,3/22/2021,153270,153270
New York City,3/22/2021,117000,117000
Puerto Rico,3/22/2021,47970,47970
U.S. Virgin Islands,3/22/2021,2340,2340
Delaware,3/22/2021,14040,14040
District of Columbia,3/22/2021,10530,10530
Maryland,3/22/2021,81900,81900
Pennsylvania,3/22/2021,155610,155610
Philadelphia,3/22/2021,22230,22230
Virginia,3/22/2021,114660,114660
West Virginia,3/22/2021,25740,25740
Alabama,3/22/2021,66690,66690
Florida,3/22/2021,286650,286650
Georgia,3/22/2021,136890,136890
Kentucky,3/22/2021,60840,60840
Mississippi,3/22/2021,39780,39780
North Carolina,3/22/2021,138060,138060
South Carolina,3/22/2021,67860,67860
Tennessee,3/22/2021,90090,90090
Chicago,3/22/2021,37440,37440
Illinois,3/22/2021,136890,136890
Indiana,3/22/2021,88920,88920
Michigan,3/22/2021,135720,135720
Minnesota,3/22/2021,74880,74880
Ohio,3/22/2021,157950,157950
Wisconsin,3/22/2021,79560,79560
Arkansas,3/22/2021,39780,39780
Louisiana,3/22/2021,62010,62010
New Mexico,3/22/2021,29250,29250
Oklahoma,3/22/2021,52650,52650
Texas,3/22/2021,359190,359190
Iowa,3/22/2021,42120,42120
Kansas,3/22/2021,38610,38610
Missouri,3/22/2021,83070,83070
Nebraska,3/22/2021,25740,25740
Colorado,3/22/2021,74880,74880
Montana,3/22/2021,15210,15210
North Dakota,3/22/2021,10530,10530
South Dakota,3/22/2021,11700,11700
Utah,3/22/2021,37440,37440
Wyoming,3/22/2021,8190,8190
Arizona,3/22/2021,93600,93600
California,3/22/2021,524160,524160
Hawaii,3/22/2021,19890,19890
Nevada,3/22/2021,39780,39780
American Samoa,3/22/2021,0,0
Guam,3/22/2021,0,0
Marshall Islands,3/22/2021,0,0
Micronesia,3/22/2021,0,0
Mariana Islands,3/22/2021,0,0
Palau,3/22/2021,0,0
Alaska,3/22/2021,0,0
Idaho,3/22/2021,22230,22230
Oregon,3/22/2021,57330,57330
Washington,3/22/2021,100620,100620
Federal Entities,3/22/2021,195390,195390
Connecticut,3/15/2021,49140,49140
Maine,3/15/2021,18720,18720
Massachusetts,3/15/2021,93600,93600
New Hampshire,3/15/2021,18720,18720
Rhode Island,3/15/2021,15210,15210
Vermont,3/15/2021,9360,9360
New Jersey,3/15/2021,119340,119340
New York,3/15/2021,150930,150930
New York City,3/15/2021,114660,114660
Puerto Rico,3/15/2021,46800,46800
U.S. Virgin Islands,3/15/2021,2340,2340
Delaware,3/15/2021,12870,12870
District of Columbia,3/15/2021,10530,10530
Maryland,3/15/2021,80730,80730
Pennsylvania,3/15/2021,153270,153270
Philadelphia,3/15/2021,22230,22230
Virginia,3/15/2021,112320,112320
West Virginia,3/15/2021,25740,25740
Alabama,3/15/2021,65520,65520
Florida,3/15/2021,281970,281970
Georgia,3/15/2021,134550,134550
Kentucky,3/15/2021,59670,59670
Mississippi,3/15/2021,39780,39780
North Carolina,3/15/2021,135720,135720
South Carolina,3/15/2021,66690,66690
Tennessee,3/15/2021,88920,88920
Chicago,3/15/2021,36270,36270
Illinois,3/15/2021,134550,134550
Indiana,3/15/2021,87750,87750
Michigan,3/15/2021,133380,133380
Minnesota,3/15/2021,73710,73710
Ohio,3/15/2021,155610,155610
Wisconsin,3/15/2021,78390,78390
Arkansas,3/15/2021,39780,39780
Louisiana,3/15/2021,62010,62010
New Mexico,3/15/2021,28080,28080
Oklahoma,3/15/2021,51480,51480
Texas,3/15/2021,353340,353340
Iowa,3/15/2021,42120,42120
Kansas,3/15/2021,38610,38610
Missouri,3/15/2021,80730,80730
Nebraska,3/15/2021,25740,25740
Colorado,3/15/2021,73710,73710
Montana,3/15/2021,14040,14040
North Dakota,3/15/2021,10530,10530
South Dakota,3/15/2021,11700,11700
Utah,3/15/2021,37440,37440
Wyoming,3/15/2021,8190,8190
Arizona,3/15/2021,92430,92430
California,3/15/2021,515970,515970
Hawaii,3/15/2021,19890,19890
Nevada,3/15/2021,38610,38610
American Samoa,3/15/2021,0,0
Guam,3/15/2021,0,0
Marshall Islands,3/15/2021,0,0
Micronesia,3/15/2021,0,0
Mariana Islands,3/15/2021,0,0
Palau,3/15/2021,0,0
Alaska,3/15/2021,0,0
Idaho,3/15/2021,22230,22230
Oregon,3/15/2021,56160,56160
Washington,3/15/2021,98280,98280
Federal Entities,3/15/2021,182520,182520
Connecticut,3/8/2021,45630,45630
Maine,3/8/2021,17550,17550
Massachusetts,3/8/2021,87750,87750
New Hampshire,3/8/2021,17550,17550
Rhode Island,3/8/2021,14040,14040
Vermont,3/8/2021,8190,8190
New Jersey,3/8/2021,111150,111150
New York,3/8/2021,140400,140400
New York City,3/8/2021,106470,106470
Puerto Rico,3/8/2021,43290,43290
U.S. Virgin Islands,3/8/2021,2340,2340
Delaware,3/8/2021,12870,12870
District of Columbia,3/8/2021,9360,9360
Maryland,3/8/2021,74880,74880
Pennsylvania,3/8/2021,141570,141570
Philadelphia,3/8/2021,19890,19890
Virginia,3/8/2021,105300,105300
West Virginia,3/8/2021,23400,23400
Alabama,3/8/2021,60840,60840
Florida,3/8/2021,262080,262080
Georgia,3/8/2021,125190,125190
Kentucky,3/8/2021,54990,54990
Mississippi,3/8/2021,36270,36270
North Carolina,3/8/2021,126360,126360
South Carolina,3/8/2021,62010,62010
Tennessee,3/8/2021,83070,83070
Chicago,3/8/2021,33930,33930
Illinois,3/8/2021,125190,125190
Indiana,3/8/2021,80730,80730
Michigan,3/8/2021,124020,124020
Minnesota,3/8/2021,67860,67860
Ohio,3/8/2021,143910,143910
Wisconsin,3/8/2021,72540,72540
Arkansas,3/8/2021,37440,37440
Louisiana,3/8/2021,57330,57330
New Mexico,3/8/2021,25740,25740
Oklahoma,3/8/2021,47970,47970
Texas,3/8/2021,328770,328770
Iowa,3/8/2021,38610,38610
Kansas,3/8/2021,35100,35100
Missouri,3/8/2021,76050,76050
Nebraska,3/8/2021,23400,23400
Colorado,3/8/2021,69030,69030
Montana,3/8/2021,14040,14040
North Dakota,3/8/2021,10530,10530
South Dakota,3/8/2021,10530,10530
Utah,3/8/2021,35100,35100
Wyoming,3/8/2021,8190,8190
Arizona,3/8/2021,85410,85410
California,3/8/2021,479700,479700
Hawaii,3/8/2021,18720,18720
Nevada,3/8/2021,36270,36270
American Samoa,3/8/2021,0,0
Guam,3/8/2021,0,0
Marshall Islands,3/8/2021,0,0
Micronesia,3/8/2021,0,0
Mariana Islands,3/8/2021,0,0
Palau,3/8/2021,0,0
Alaska,3/8/2021,0,0
Idaho,3/8/2021,19890,19890
Oregon,3/8/2021,51480,51480
Washington,3/8/2021,91260,91260
Federal Entities,3/8/2021,230490,221130
Alabama,3/1/2021,54990,54990
Alaska,3/1/2021,53820,53820
American Samoa,3/1/2021,9360,0
Arizona,3/1/2021,78390,78390
Arkansas,3/1/2021,33930,33930
California,3/1/2021,438750,438750
Chicago,3/1/2021,31590,31590
Colorado,3/1/2021,63180,63180
Connecticut,3/1/2021,42120,42120
Delaware,3/1/2021,11700,11700
District of Columbia,3/1/2021,9360,9360
Federal Entities,3/1/2021,209430,190710
Florida,3/1/2021,239850,239850
Georgia,3/1/2021,114660,114660
Guam,3/1/2021,21060,0
Hawaii,3/1/2021,16380,16380
Idaho,3/1/2021,18720,18720
Illinois,3/1/2021,114660,114660
Indiana,3/1/2021,74880,74880
Iowa,3/1/2021,35100,35100
Kansas,3/1/2021,32760,32760
Kentucky,3/1/2021,50310,50310
Louisiana,3/1/2021,52650,52650
Maine,3/1/2021,16380,16380
Mariana Islands,3/1/2021,9360,0
Marshall Islands,3/1/2021,0,0
Maryland,3/1/2021,69030,69030
Massachusetts,3/1/2021,79560,79560
Michigan,3/1/2021,113490,113490
Micronesia,3/1/2021,0,0
Minnesota,3/1/2021,62010,62010
Mississippi,3/1/2021,33930,33930
Missouri,3/1/2021,69030,69030
Montana,3/1/2021,12870,12870
Nebraska,3/1/2021,22230,22230
Nevada,3/1/2021,33930,33930
New Hampshire,3/1/2021,16380,16380
New Jersey,3/1/2021,101790,101790
New Mexico,3/1/2021,24570,24570
New York,3/1/2021,128700,128700
New York City,3/1/2021,98280,98280
North Carolina,3/1/2021,115830,115830
North Dakota,3/1/2021,9360,9360
Ohio,3/1/2021,132210,132210
Oklahoma,3/1/2021,43290,43290
Oregon,3/1/2021,47970,47970
Palau,3/1/2021,0,0
Pennsylvania,3/1/2021,129870,129870
Philadelphia,3/1/2021,18720,18720
Puerto Rico,3/1/2021,39780,39780
Rhode Island,3/1/2021,12870,12870
South Carolina,3/1/2021,57330,57330
South Dakota,3/1/2021,10530,10530
Tennessee,3/1/2021,76050,76050
Texas,3/1/2021,300690,300690
U.S. Virgin Islands,3/1/2021,2340,2340
Utah,3/1/2021,31590,31590
Vermont,3/1/2021,8190,8190
Virginia,3/1/2021,95940,95940
Washington,3/1/2021,84240,84240
West Virginia,3/1/2021,22230,22230
Wisconsin,3/1/2021,66690,66690
Wyoming,3/1/2021,7020,7020
Alabama,2/22/2021,47970,47970
Alaska,2/22/2021,0,0
American Samoa,2/22/2021,0,0
Arizona,2/22/2021,69030,69030
Arkansas,2/22/2021,29250,29250
California,2/22/2021,382590,382590
Chicago,2/22/2021,26910,26910
Colorado,2/22/2021,54990,54990
Connecticut,2/22/2021,36270,36270
Delaware,2/22/2021,10530,10530
District of Columbia,2/22/2021,8190,8190
Federal Entities,2/22/2021,166140,166140
Florida,2/22/2021,209430,209430
Georgia,2/22/2021,99450,99450
Guam,2/22/2021,0,0
Hawaii,2/22/2021,15210,15210
Idaho,2/22/2021,16380,16380
Illinois,2/22/2021,99450,99450
Indiana,2/22/2021,64350,64350
Iowa,2/22/2021,31590,31590
Kansas,2/22/2021,28080,28080
Kentucky,2/22/2021,44460,44460
Louisiana,2/22/2021,45630,45630
Maine,2/22/2021,14040,14040
Mariana Islands,2/22/2021,0,0
Marshall Islands,2/22/2021,0,0
Maryland,2/22/2021,59670,59670
Massachusetts,2/22/2021,70200,70200
Michigan,2/22/2021,99450,99450
Micronesia,2/22/2021,0,0
Minnesota,2/22/2021,54990,54990
Mississippi,2/22/2021,29250,29250
Missouri,2/22/2021,60840,60840
Montana,2/22/2021,10530,10530
Nebraska,2/22/2021,18720,18720
Nevada,2/22/2021,29250,29250
New Hampshire,2/22/2021,14040,14040
New Jersey,2/22/2021,88920,88920
New Mexico,2/22/2021,21060,21060
New York,2/22/2021,112320,112320
New York City,2/22/2021,85410,85410
North Carolina,2/22/2021,100620,100620
North Dakota,2/22/2021,8190,8190
Ohio,2/22/2021,115830,115830
Oklahoma,2/22/2021,38610,38610
Oregon,2/22/2021,42120,42120
Palau,2/22/2021,0,0
Pennsylvania,2/22/2021,113490,113490
Philadelphia,2/22/2021,16380,16380
Puerto Rico,2/22/2021,35100,35100
Rhode Island,2/22/2021,11700,11700
South Carolina,2/22/2021,49140,49140
South Dakota,2/22/2021,9360,9360
Tennessee,2/22/2021,65520,65520
Texas,2/22/2021,262080,262080
U.S. Virgin Islands,2/22/2021,1170,1170
Utah,2/22/2021,28080,28080
Vermont,2/22/2021,7020,7020
Virginia,2/22/2021,84240,84240
Washington,2/22/2021,73710,73710
West Virginia,2/22/2021,18720,18720
Wisconsin,2/22/2021,58500,58500
Wyoming,2/22/2021,5850,5850
Alabama,2/15/2021,30225,30225
Alaska,2/15/2021,0,0
American Samoa,2/15/2021,0,0
Arizona,2/15/2021,42900,42900
Arkansas,2/15/2021,18525,18525
California,2/15/2021,241800,241800
Chicago,2/15/2021,17550,17550
Colorado,2/15/2021,35100,35100
Connecticut,2/15/2021,23400,23400
Delaware,2/15/2021,6825,6825
District of Columbia,2/15/2021,4875,4875
Federal Entities,2/15/2021,105300,105300
Florida,2/15/2021,132600,132600
Georgia,2/15/2021,63375,63375
Guam,2/15/2021,0,0
Hawaii,2/15/2021,9750,9750
Idaho,2/15/2021,10725,10725
Illinois,2/15/2021,63375,63375
Indiana,2/15/2021,40950,40950
Iowa,2/15/2021,19500,19500
Kansas,2/15/2021,18525,18525
Kentucky,2/15/2021,28275,28275
Louisiana,2/15/2021,29250,29250
Maine,2/15/2021,8775,8775
Mariana Islands,2/15/2021,0,0
Marshall Islands,2/15/2021,0,0
Maryland,2/15/2021,38025,38025
Massachusetts,2/15/2021,43875,43875
Michigan,2/15/2021,62400,62400
Micronesia,2/15/2021,0,0
Minnesota,2/15/2021,34125,34125
Mississippi,2/15/2021,18525,18525
Missouri,2/15/2021,38025,38025
Montana,2/15/2021,6825,6825
Nebraska,2/15/2021,11700,11700
Nevada,2/15/2021,18525,18525
New Hampshire,2/15/2021,8775,8775
New Jersey,2/15/2021,55575,55575
New Mexico,2/15/2021,13650,13650
New York,2/15/2021,71175,71175
New York City,2/15/2021,53625,53625
North Carolina,2/15/2021,63375,63375
North Dakota,2/15/2021,4875,4875
Ohio,2/15/2021,73125,73125
Oklahoma,2/15/2021,24375,24375
Oregon,2/15/2021,26325,26325
Palau,2/15/2021,0,0
Pennsylvania,2/15/2021,71175,71175
Philadelphia,2/15/2021,10725,10725
Puerto Rico,2/15/2021,22425,22425
Rhode Island,2/15/2021,6825,6825
South Carolina,2/15/2021,31200,31200
South Dakota,2/15/2021,5850,5850
Tennessee,2/15/2021,41925,41925
Texas,2/15/2021,165750,165750
U.S. Virgin Islands,2/15/2021,975,975
Utah,2/15/2021,17550,17550
Vermont,2/15/2021,4875,4875
Virginia,2/15/2021,52650,52650
Washington,2/15/2021,46800,46800
West Virginia,2/15/2021,11700,11700
Wisconsin,2/15/2021,37050,37050
Wyoming,2/15/2021,3900,3900
Alabama,2/8/2021,30225,30225
Alaska,2/8/2021,0,0
American Samoa,2/8/2021,0,0
Arizona,2/8/2021,42900,42900
Arkansas,2/8/2021,18525,18525
California,2/8/2021,241800,241800
Chicago,2/8/2021,17550,17550
Colorado,2/8/2021,35100,35100
Connecticut,2/8/2021,23400,23400
Delaware,2/8/2021,6825,6825
District of Columbia,2/8/2021,4875,4875
Federal Entities,2/8/2021,105300,105300
Florida,2/8/2021,132600,132600
Georgia,2/8/2021,63375,63375
Guam,2/8/2021,0,0
Hawaii,2/8/2021,9750,9750
Idaho,2/8/2021,10725,10725
Illinois,2/8/2021,63375,63375
Indiana,2/8/2021,40950,40950
Iowa,2/8/2021,19500,19500
Kansas,2/8/2021,18525,18525
Kentucky,2/8/2021,28275,28275
Louisiana,2/8/2021,29250,29250
Maine,2/8/2021,8775,8775
Mariana Islands,2/8/2021,0,0
Marshall Islands,2/8/2021,0,0
Maryland,2/8/2021,38025,38025
Massachusetts,2/8/2021,43875,43875
Michigan,2/8/2021,62400,62400
Micronesia,2/8/2021,0,0
Minnesota,2/8/2021,34125,34125
Mississippi,2/8/2021,18525,18525
Missouri,2/8/2021,38025,38025
Montana,2/8/2021,6825,6825
Nebraska,2/8/2021,11700,11700
Nevada,2/8/2021,18525,18525
New Hampshire,2/8/2021,8775,8775
New Jersey,2/8/2021,55575,55575
New Mexico,2/8/2021,13650,13650
New York,2/8/2021,71175,71175
New York City,2/8/2021,53625,53625
North Carolina,2/8/2021,63375,63375
North Dakota,2/8/2021,4875,4875
Ohio,2/8/2021,73125,73125
Oklahoma,2/8/2021,24375,24375
Oregon,2/8/2021,26325,26325
Palau,2/8/2021,0,0
Pennsylvania,2/8/2021,71175,71175
Philadelphia,2/8/2021,10725,10725
Puerto Rico,2/8/2021,22425,22425
Rhode Island,2/8/2021,6825,6825
South Carolina,2/8/2021,31200,31200
South Dakota,2/8/2021,5850,5850
Tennessee,2/8/2021,41925,41925
Texas,2/8/2021,165750,165750
U.S. Virgin Islands,2/8/2021,975,975
Utah,2/8/2021,17550,17550
Vermont,2/8/2021,4875,4875
Virginia,2/8/2021,52650,52650
Washington,2/8/2021,46800,46800
West Virginia,2/8/2021,11700,11700
Wisconsin,2/8/2021,37050,37050
Wyoming,2/8/2021,3900,3900
Alabama,2/1/2021,30225,30225
Alaska,2/1/2021,27300,27300
American Samoa,2/1/2021,7800,0
Arizona,2/1/2021,42900,42900
Arkansas,2/1/2021,18525,18525
California,2/1/2021,240825,240825
Chicago,2/1/2021,17550,17550
Colorado,2/1/2021,34125,34125
Connecticut,2/1/2021,23400,23400
Delaware,2/1/2021,6825,6825
District of Columbia,2/1/2021,4875,4875
Federal Entities,2/1/2021,119925,104325
Florida,2/1/2021,131625,131625
Georgia,2/1/2021,62400,62400
Guam,2/1/2021,7800,0
Hawaii,2/1/2021,9750,9750
Idaho,2/1/2021,10725,10725
Illinois,2/1/2021,62400,62400
Indiana,2/1/2021,40950,40950
Iowa,2/1/2021,19500,19500
Kansas,2/1/2021,17550,17550
Kentucky,2/1/2021,28275,28275
Louisiana,2/1/2021,29250,29250
Maine,2/1/2021,8775,8775
Mariana Islands,2/1/2021,7800,0
Marshall Islands,2/1/2021,0,0
Maryland,2/1/2021,38025,38025
Massachusetts,2/1/2021,43875,43875
Michigan,2/1/2021,62400,62400
Micronesia,2/1/2021,0,0
Minnesota,2/1/2021,34125,34125
Mississippi,2/1/2021,18525,18525
Missouri,2/1/2021,38025,38025
Montana,2/1/2021,6825,6825
Nebraska,2/1/2021,11700,11700
Nevada,2/1/2021,18525,18525
New Hampshire,2/1/2021,8775,8775
New Jersey,2/1/2021,55575,55575
New Mexico,2/1/2021,13650,13650
New York,2/1/2021,70200,70200
New York City,2/1/2021,53625,53625
North Carolina,2/1/2021,63375,63375
North Dakota,2/1/2021,4875,4875
Ohio,2/1/2021,72150,72150
Oklahoma,2/1/2021,24375,24375
Oregon,2/1/2021,26325,26325
Palau,2/1/2021,0,0
Pennsylvania,2/1/2021,71175,71175
Philadelphia,2/1/2021,10725,10725
Puerto Rico,2/1/2021,22425,22425
Rhode Island,2/1/2021,6825,6825
South Carolina,2/1/2021,31200,31200
South Dakota,2/1/2021,5850,5850
Tennessee,2/1/2021,41925,41925
Texas,2/1/2021,164775,164775
U.S. Virgin Islands,2/1/2021,975,975
Utah,2/1/2021,17550,17550
Vermont,2/1/2021,4875,4875
Virginia,2/1/2021,52650,52650
Washington,2/1/2021,45825,45825
West Virginia,2/1/2021,11700,11700
Wisconsin,2/1/2021,36075,36075
Wyoming,2/1/2021,3900,3900
Alabama,1/25/2021,30225,30225
Alaska,1/25/2021,0,0
American Samoa,1/25/2021,0,0
Arizona,1/25/2021,42900,42900
Arkansas,1/25/2021,18525,18525
California,1/25/2021,241800,241800
Chicago,1/25/2021,17550,17550
Colorado,1/25/2021,35100,35100
Connecticut,1/25/2021,23400,23400
Delaware,1/25/2021,6825,6825
District of Columbia,1/25/2021,4875,4875
Federal Entities,1/25/2021,105300,105300
Florida,1/25/2021,132600,132600
Georgia,1/25/2021,63375,63375
Guam,1/25/2021,0,0
Hawaii,1/25/2021,9750,9750
Idaho,1/25/2021,10725,10725
Illinois,1/25/2021,63375,63375
Indiana,1/25/2021,40950,40950
Iowa,1/25/2021,19500,19500
Kansas,1/25/2021,18525,18525
Kentucky,1/25/2021,28275,28275
Louisiana,1/25/2021,29250,29250
Maine,1/25/2021,8775,8775
Mariana Islands,1/25/2021,0,0
Marshall Islands,1/25/2021,0,0
Maryland,1/25/2021,38025,38025
Massachusetts,1/25/2021,43875,43875
Michigan,1/25/2021,62400,62400
Micronesia,1/25/2021,0,0
Minnesota,1/25/2021,34125,34125
Mississippi,1/25/2021,18525,18525
Missouri,1/25/2021,38025,38025
Montana,1/25/2021,6825,6825
Nebraska,1/25/2021,11700,11700
Nevada,1/25/2021,18525,18525
New Hampshire,1/25/2021,8775,8775
New Jersey,1/25/2021,55575,55575
New Mexico,1/25/2021,13650,13650
New York,1/25/2021,71175,71175
New York City,1/25/2021,53625,53625
North Carolina,1/25/2021,63375,63375
North Dakota,1/25/2021,4875,4875
Ohio,1/25/2021,73125,73125
Oklahoma,1/25/2021,24375,24375
Oregon,1/25/2021,26325,26325
Palau,1/25/2021,0,0
Pennsylvania,1/25/2021,71175,71175
Philadelphia,1/25/2021,10725,10725
Puerto Rico,1/25/2021,22425,22425
Rhode Island,1/25/2021,6825,6825
South Carolina,1/25/2021,31200,31200
South Dakota,1/25/2021,5850,5850
Tennessee,1/25/2021,41925,41925
Texas,1/25/2021,165750,165750
U.S. Virgin Islands,1/25/2021,975,975
Utah,1/25/2021,17550,17550
Vermont,1/25/2021,4875,4875
Virginia,1/25/2021,52650,52650
Washington,1/25/2021,46800,46800
West Virginia,1/25/2021,11700,11700
Wisconsin,1/25/2021,37050,37050
Wyoming,1/25/2021,3900,3900
Alabama,1/18/2021,30225,30225
Alaska,1/18/2021,0,0
American Samoa,1/18/2021,0,0
Arizona,1/18/2021,42900,42900
Arkansas,1/18/2021,18525,18525
California,1/18/2021,241800,241800
Chicago,1/18/2021,17550,17550
Colorado,1/18/2021,35100,35100
Connecticut,1/18/2021,23400,23400
Delaware,1/18/2021,6825,6825
District of Columbia,1/18/2021,4875,4875
Federal Entities,1/18/2021,105300,105300
Florida,1/18/2021,132600,132600
Georgia,1/18/2021,63375,63375
Guam,1/18/2021,0,0
Hawaii,1/18/2021,9750,9750
Idaho,1/18/2021,10725,10725
Illinois,1/18/2021,63375,63375
Indiana,1/18/2021,40950,40950
Iowa,1/18/2021,19500,19500
Kansas,1/18/2021,18525,18525
Kentucky,1/18/2021,28275,28275
Louisiana,1/18/2021,29250,29250
Maine,1/18/2021,8775,8775
Mariana Islands,1/18/2021,0,0
Marshall Islands,1/18/2021,0,0
Maryland,1/18/2021,38025,38025
Massachusetts,1/18/2021,43875,43875
Michigan,1/18/2021,62400,62400
Micronesia,1/18/2021,0,0
Minnesota,1/18/2021,34125,34125
Mississippi,1/18/2021,18525,18525
Missouri,1/18/2021,38025,38025
Montana,1/18/2021,6825,6825
Nebraska,1/18/2021,11700,11700
Nevada,1/18/2021,18525,18525
New Hampshire,1/18/2021,8775,8775
New Jersey,1/18/2021,55575,55575
New Mexico,1/18/2021,13650,13650
New York,1/18/2021,71175,71175
New York City,1/18/2021,53625,53625
North Carolina,1/18/2021,63375,63375
North Dakota,1/18/2021,4875,4875
Ohio,1/18/2021,73125,73125
Oklahoma,1/18/2021,24375,24375
Oregon,1/18/2021,26325,26325
Palau,1/18/2021,0,0
Pennsylvania,1/18/2021,71175,71175
Philadelphia,1/18/2021,10725,10725
Puerto Rico,1/18/2021,22425,22425
Rhode Island,1/18/2021,6825,6825
South Carolina,1/18/2021,31200,31200
South Dakota,1/18/2021,5850,5850
Tennessee,1/18/2021,41925,41925
Texas,1/18/2021,165750,165750
U.S. Virgin Islands,1/18/2021,975,975
Utah,1/18/2021,17550,17550
Vermont,1/18/2021,4875,4875
Virginia,1/18/2021,52650,52650
Washington,1/18/2021,46800,46800
West Virginia,1/18/2021,11700,11700
Wisconsin,1/18/2021,37050,37050
Wyoming,1/18/2021,3900,3900
Alabama,1/11/2021,29250,29250
Alaska,1/11/2021,0,0
American Samoa,1/11/2021,0,0
Arizona,1/11/2021,41925,41925
Arkansas,1/11/2021,18525,18525
California,1/11/2021,233025,233025
Chicago,1/11/2021,16575,16575
Colorado,1/11/2021,33150,33150
Connecticut,1/11/2021,22425,22425
Delaware,1/11/2021,5850,5850
District of Columbia,1/11/2021,4875,4875
Federal Entities,1/11/2021,102375,102375
Florida,1/11/2021,127725,127725
Georgia,1/11/2021,60450,60450
Guam,1/11/2021,0,0
Hawaii,1/11/2021,8775,8775
Idaho,1/11/2021,9750,9750
Illinois,1/11/2021,60450,60450
Indiana,1/11/2021,39975,39975
Iowa,1/11/2021,19500,19500
Kansas,1/11/2021,17550,17550
Kentucky,1/11/2021,27300,27300
Louisiana,1/11/2021,28275,28275
Maine,1/11/2021,8775,8775
Mariana Islands,1/11/2021,0,0
Marshall Islands,1/11/2021,0,0
Maryland,1/11/2021,36075,36075
Massachusetts,1/11/2021,42900,42900
Michigan,1/11/2021,60450,60450
Micronesia,1/11/2021,0,0
Minnesota,1/11/2021,33150,33150
Mississippi,1/11/2021,17550,17550
Missouri,1/11/2021,37050,37050
Montana,1/11/2021,6825,6825
Nebraska,1/11/2021,11700,11700
Nevada,1/11/2021,17550,17550
New Hampshire,1/11/2021,8775,8775
New Jersey,1/11/2021,53625,53625
New Mexico,1/11/2021,12675,12675
New York,1/11/2021,68250,68250
New York City,1/11/2021,51675,51675
North Carolina,1/11/2021,61425,61425
North Dakota,1/11/2021,4875,4875
Ohio,1/11/2021,70200,70200
Oklahoma,1/11/2021,23400,23400
Oregon,1/11/2021,25350,25350
Palau,1/11/2021,0,0
Pennsylvania,1/11/2021,69225,69225
Philadelphia,1/11/2021,9750,9750
Puerto Rico,1/11/2021,21450,21450
Rhode Island,1/11/2021,6825,6825
South Carolina,1/11/2021,30225,30225
South Dakota,1/11/2021,5850,5850
Tennessee,1/11/2021,39975,39975
Texas,1/11/2021,159900,159900
U.S. Virgin Islands,1/11/2021,975,975
Utah,1/11/2021,16575,16575
Vermont,1/11/2021,4875,4875
Virginia,1/11/2021,50700,50700
Washington,1/11/2021,57525,57525
West Virginia,1/11/2021,11700,11700
Wisconsin,1/11/2021,35100,35100
Wyoming,1/11/2021,3900,3900
Alabama,1/4/2021,29250,29250
Alaska,1/4/2021,27300,27300
American Samoa,1/4/2021,7800,0
Arizona,1/4/2021,41925,41925
Arkansas,1/4/2021,18525,18525
California,1/4/2021,232050,232050
Chicago,1/4/2021,16575,16575
Colorado,1/4/2021,33150,33150
Connecticut,1/4/2021,22425,22425
Delaware,1/4/2021,5850,5850
District of Columbia,1/4/2021,4875,4875
Federal Entities,1/4/2021,117000,101400
Florida,1/4/2021,126750,126750
Georgia,1/4/2021,60450,60450
Guam,1/4/2021,7800,0
Hawaii,1/4/2021,8775,8775
Idaho,1/4/2021,9750,9750
Illinois,1/4/2021,60450,60450
Indiana,1/4/2021,39000,39000
Iowa,1/4/2021,18525,18525
Kansas,1/4/2021,17550,17550
Kentucky,1/4/2021,27300,27300
Louisiana,1/4/2021,28275,28275
Maine,1/4/2021,8775,8775
Mariana Islands,1/4/2021,7800,0
Marshall Islands,1/4/2021,0,0
Maryland,1/4/2021,36075,36075
Massachusetts,1/4/2021,42900,42900
Michigan,1/4/2021,60450,60450
Micronesia,1/4/2021,0,0
Minnesota,1/4/2021,33150,33150
Mississippi,1/4/2021,17550,17550
Missouri,1/4/2021,37050,37050
Montana,1/4/2021,6825,6825
Nebraska,1/4/2021,11700,11700
Nevada,1/4/2021,17550,17550
New Hampshire,1/4/2021,8775,8775
New Jersey,1/4/2021,53625,53625
New Mexico,1/4/2021,12675,12675
New York,1/4/2021,68250,68250
New York City,1/4/2021,51675,51675
North Carolina,1/4/2021,61425,61425
North Dakota,1/4/2021,4875,4875
Ohio,1/4/2021,70200,70200
Oklahoma,1/4/2021,23400,23400
Oregon,1/4/2021,25350,25350
Palau,1/4/2021,0,0
Pennsylvania,1/4/2021,69225,69225
Philadelphia,1/4/2021,9750,9750
Puerto Rico,1/4/2021,21450,21450
Rhode Island,1/4/2021,6825,6825
South Carolina,1/4/2021,30225,30225
South Dakota,1/4/2021,5850,5850
Tennessee,1/4/2021,39975,39975
Texas,1/4/2021,158925,158925
U.S. Virgin Islands,1/4/2021,975,975
Utah,1/4/2021,16575,16575
Vermont,1/4/2021,3900,3900
Virginia,1/4/2021,50700,50700
Washington,1/4/2021,44850,44850
West Virginia,1/4/2021,11700,11700
Wisconsin,1/4/2021,35100,35100
Wyoming,1/4/2021,3900,3900
Alabama,12/28/2020,38025,38025
Alaska,12/28/2020,0,0
American Samoa,12/28/2020,0,0
Arizona,12/28/2020,53625,53625
Arkansas,12/28/2020,23400,23400
California,12/28/2020,297375,297375
Chicago,12/28/2020,21450,21450
Colorado,12/28/2020,42900,42900
Connecticut,12/28/2020,28275,28275
Delaware,12/28/2020,7800,7800
District of Columbia,12/28/2020,5850,5850
Federal Entities,12/28/2020,128700,128700
Florida,12/28/2020,162825,162825
Georgia,12/28/2020,77025,77025
Guam,12/28/2020,0,0
Hawaii,12/28/2020,11700,11700
Idaho,12/28/2020,12675,12675
Illinois,12/28/2020,78000,78000
Indiana,12/28/2020,50700,50700
Iowa,12/28/2020,24375,24375
Kansas,12/28/2020,22425,22425
Kentucky,12/28/2020,34125,34125
Louisiana,12/28/2020,36075,36075
Maine,12/28/2020,10725,10725
Mariana Islands,12/28/2020,0,0
Marshall Islands,12/28/2020,0,0
Maryland,12/28/2020,46800,46800
Massachusetts,12/28/2020,54600,54600
Michigan,12/28/2020,77025,77025
Micronesia,12/28/2020,0,0
Minnesota,12/28/2020,42900,42900
Mississippi,12/28/2020,22425,22425
Missouri,12/28/2020,46800,46800
Montana,12/28/2020,8775,8775
Nebraska,12/28/2020,14625,14625
Nevada,12/28/2020,22425,22425
New Hampshire,12/28/2020,10725,10725
New Jersey,12/28/2020,68250,68250
New Mexico,12/28/2020,16575,16575
New York,12/28/2020,87750,87750
New York City,12/28/2020,66300,66300
North Carolina,12/28/2020,78000,78000
North Dakota,12/28/2020,5850,5850
Ohio,12/28/2020,89700,89700
Oklahoma,12/28/2020,29250,29250
Oregon,12/28/2020,32175,32175
Palau,12/28/2020,0,0
Pennsylvania,12/28/2020,88725,88725
Philadelphia,12/28/2020,12675,12675
Puerto Rico,12/28/2020,27300,27300
Rhode Island,12/28/2020,8775,8775
South Carolina,12/28/2020,39000,39000
South Dakota,12/28/2020,6825,6825
Tennessee,12/28/2020,51675,51675
Texas,12/28/2020,203775,203775
U.S. Virgin Islands,12/28/2020,975,975
Utah,12/28/2020,21450,21450
Vermont,12/28/2020,5850,5850
Virginia,12/28/2020,65325,65325
Washington,12/28/2020,57525,57525
West Virginia,12/28/2020,14625,14625
Wisconsin,12/28/2020,44850,44850
Wyoming,12/28/2020,4875,4875
Alabama,12/21/2020,29250,29250
Alaska,12/21/2020,0,0
American Samoa,12/21/2020,0,0
Arizona,12/21/2020,41925,41925
Arkansas,12/21/2020,18525,18525
California,12/21/2020,233025,233025
Chicago,12/21/2020,16575,16575
Colorado,12/21/2020,33150,33150
Connecticut,12/21/2020,22425,22425
Delaware,12/21/2020,5850,5850
District of Columbia,12/21/2020,4875,4875
Federal Entities,12/21/2020,102375,102375
Florida,12/21/2020,127725,127725
Georgia,12/21/2020,60450,60450
Guam,12/21/2020,0,0
Hawaii,12/21/2020,8775,8775
Idaho,12/21/2020,9750,9750
Illinois,12/21/2020,60450,60450
Indiana,12/21/2020,39975,39975
Iowa,12/21/2020,19500,19500
Kansas,12/21/2020,17550,17550
Kentucky,12/21/2020,27300,27300
Louisiana,12/21/2020,28275,28275
Maine,12/21/2020,8775,8775
Mariana Islands,12/21/2020,0,0
Marshall Islands,12/21/2020,0,0
Maryland,12/21/2020,36075,36075
Massachusetts,12/21/2020,42900,42900
Michigan,12/21/2020,60450,60450
Micronesia,12/21/2020,0,0
Minnesota,12/21/2020,33150,33150
Mississippi,12/21/2020,17550,17550
Missouri,12/21/2020,37050,37050
Montana,12/21/2020,6825,6825
Nebraska,12/21/2020,11700,11700
Nevada,12/21/2020,17550,17550
New Hampshire,12/21/2020,8775,8775
New Jersey,12/21/2020,53625,53625
New Mexico,12/21/2020,12675,12675
New York,12/21/2020,68250,68250
New York City,12/21/2020,51675,51675
North Carolina,12/21/2020,61425,61425
North Dakota,12/21/2020,4875,4875
Ohio,12/21/2020,70200,70200
Oklahoma,12/21/2020,23400,23400
Oregon,12/21/2020,25350,25350
Palau,12/21/2020,0,0
Pennsylvania,12/21/2020,69225,69225
Philadelphia,12/21/2020,9750,9750
Puerto Rico,12/21/2020,21450,21450
Rhode Island,12/21/2020,6825,6825
South Carolina,12/21/2020,30225,30225
South Dakota,12/21/2020,5850,5850
Tennessee,12/21/2020,39975,39975
Texas,12/21/2020,159900,159900
U.S. Virgin Islands,12/21/2020,975,975
Utah,12/21/2020,16575,16575
Vermont,12/21/2020,4875,4875
Virginia,12/21/2020,50700,50700
Washington,12/21/2020,44850,44850
West Virginia,12/21/2020,11700,11700
Wisconsin,12/21/2020,35100,35100
Wyoming,12/21/2020,3900,3900
Alabama,12/14/2020,40950,40950
Alaska,12/14/2020,35100,35100
American Samoa,12/14/2020,5850,0
Arizona,12/14/2020,58500,58500
Arkansas,12/14/2020,25350,25350
California,12/14/2020,327600,327600
Chicago,12/14/2020,23400,23400
Colorado,12/14/2020,46800,46800
Connecticut,12/14/2020,31200,31200
Delaware,12/14/2020,8775,8775
District of Columbia,12/14/2020,6825,6825
Federal Entities,12/14/2020,156000,142350
Florida,12/14/2020,179400,179400
Georgia,12/14/2020,84825,84825
Guam,12/14/2020,11700,0
Hawaii,12/14/2020,12675,12675
Idaho,12/14/2020,13650,13650
Illinois,12/14/2020,85800,85800
Indiana,12/14/2020,55575,55575
Iowa,12/14/2020,26325,26325
Kansas,12/14/2020,24375,24375
Kentucky,12/14/2020,38025,38025
Louisiana,12/14/2020,39000,39000
Maine,12/14/2020,12675,12675
Mariana Islands,12/14/2020,5850,0
Marshall Islands,12/14/2020,0,0
Maryland,12/14/2020,50700,50700
Massachusetts,12/14/2020,59475,59475
Michigan,12/14/2020,84825,84825
Micronesia,12/14/2020,0,0
Minnesota,12/14/2020,46800,46800
Mississippi,12/14/2020,25350,25350
Missouri,12/14/2020,51675,51675
Montana,12/14/2020,9750,9750
Nebraska,12/14/2020,16575,16575
Nevada,12/14/2020,25350,25350
New Hampshire,12/14/2020,12675,12675
New Jersey,12/14/2020,76050,76050
New Mexico,12/14/2020,17550,17550
New York,12/14/2020,96525,96525
New York City,12/14/2020,73125,73125
North Carolina,12/14/2020,85800,85800
North Dakota,12/14/2020,6825,6825
Ohio,12/14/2020,98475,98475
Oklahoma,12/14/2020,33150,33150
Oregon,12/14/2020,35100,35100
Palau,12/14/2020,0,0
Pennsylvania,12/14/2020,97500,97500
Philadelphia,12/14/2020,13650,13650
Puerto Rico,12/14/2020,30225,30225
Rhode Island,12/14/2020,9750,9750
South Carolina,12/14/2020,42900,42900
South Dakota,12/14/2020,7800,7800
Tennessee,12/14/2020,56550,56550
Texas,12/14/2020,224250,224250
U.S. Virgin Islands,12/14/2020,975,975
Utah,12/14/2020,23400,23400
Vermont,12/14/2020,5850,5850
Virginia,12/14/2020,72150,72150
Washington,12/14/2020,62400,62400
West Virginia,12/14/2020,16575,16575
Wisconsin,12/14/2020,49725,49725
Wyoming,12/14/2020,4875,4875
