FIPS,STATE_FIPS,population,covid_cases,covid_deaths
0,1,0,0,0
1001,1,55869,36764,846
1003,1,223234,68071,894
1005,1,24686,22873,141
1007,1,22394,12587,97
1009,1,57826,17144,73
1011,1,10101,22085,614
1013,1,19448,42819,1864
1015,1,113605,30684,398
1017,1,33254,50440,2687
1019,1,26196,6802,378
1021,1,44428,19072,215
1023,1,12589,14947,757
1025,1,23622,18671,353
1027,1,13235,5107,180
1029,1,14910,3092,98
1031,1,52342,29142,155
1033,1,55241,28994,437
1035,1,12067,11235,280
1037,1,10663,4926,112
1039,1,37049,21802,490
1041,1,13772,9427,217
1043,1,83768,31114,220
1045,1,49172,20433,129
1047,1,37196,50394,643
1049,1,71513,48328,432
1051,1,81209,57542,1159
1053,1,36633,21508,500
1055,1,102268,52269,1255
1057,1,16302,4579,92
1059,1,31362,59554,856
1061,1,26271,5702,9
1063,1,8111,12845,514
1065,1,14651,21070,1173
1067,1,17205,9750,237
1069,1,105882,36364,550
1071,1,51626,20152,312
1073,1,658573,353867,11305
1075,1,13805,5214,33
1077,1,92729,30558,412
1079,1,32924,7979,0
1081,1,164542,96898,3434
1083,1,98915,30534,133
1085,1,9726,30134,1361
1087,1,18068,12771,557
1089,1,372909,110079,776
1091,1,18863,21368,771
1093,1,29709,19126,1170
1095,1,96774,111890,1035
1097,1,413210,305294,11795
1099,1,20733,12961,219
1101,1,226486,252385,6208
1103,1,119679,65644,292
1105,1,8923,10899,60
1107,1,19930,15706,470
1109,1,33114,28414,231
1111,1,22722,16842,792
1113,1,57961,35450,7
1115,1,89512,29085,195
1117,1,217702,95690,2079
1119,1,12427,21584,832
1121,1,79978,23537,495
1123,1,40367,49143,5814
1125,1,209355,137143,2537
1127,1,63521,57809,1346
1129,1,16326,9908,572
1131,1,10373,19961,635
1133,1,23629,14858,204
0,2,0,726,45
2013,2,3337,8,0
2016,2,5634,22,0
2020,2,288000,43568,611
2050,2,18386,541,0
2060,2,836,0,0
2068,2,2097,11,0
2070,2,4916,0,0
2090,2,96849,15373,237
2100,2,2530,105,0
2105,2,2148,14,0
2110,2,31974,4252,30
2122,2,58708,10396,200
2130,2,13901,2300,0
2150,2,12998,224,0
2158,2,8314,43,0
2164,2,1592,59,0
2170,2,108317,7080,121
2180,2,10004,501,0
2185,2,9832,229,0
2188,2,7621,331,0
2195,2,3266,455,115
2198,2,6203,221,0
2220,2,8493,635,0
2230,2,1183,0,0
2240,2,6893,372,0
2261,2,9202,309,0
2270,2,0,0,0
2275,2,2502,145,0
2282,2,579,0,0
2290,2,5230,498,2
0,4,0,27,80
4001,4,71887,166955,5445
4003,4,125922,40933,898
4005,4,143476,147871,8150
4007,4,54018,18168,456
4009,4,38837,9220,138
4011,4,9498,1441,42
4012,4,21108,19608,260
4013,4,4485414,3370823,64912
4015,4,212181,84479,5946
4017,4,110924,257697,8551
4019,4,1047279,556355,22510
4021,4,462789,248808,5087
4023,4,46498,97507,1238
4025,4,235099,55891,1141
4027,4,213787,359188,5976
0,5,0,51442,11
5001,5,17486,3110,11
5003,5,19657,5511,96
5005,5,41932,1781,0
5007,5,279141,156024,970
5009,5,37432,2396,36
5011,5,10763,3983,144
5013,5,5189,126,0
5015,5,28380,9979,231
5017,5,10118,8825,129
5019,5,22320,5882,0
5021,5,14551,3240,120
5023,5,24919,11010,494
5025,5,7956,2504,5
5027,5,23457,5244,261
5029,5,20846,4131,213
5031,5,110332,34698,298
5033,5,63257,11375,65
5035,5,47955,52895,1008
5037,5,16419,6657,42
5039,5,7009,709,0
5041,5,11361,4146,30
5043,5,18219,4596,138
5045,5,126007,34087,316
5047,5,17715,1557,27
5049,5,12477,918,0
5051,5,99386,23602,155
5053,5,18265,3522,0
5055,5,45325,8351,5
5057,5,21532,4434,119
5059,5,33771,35516,51
5061,5,13202,6698,37
5063,5,37825,5125,0
5065,5,13629,1770,57
5067,5,16719,1702,7
5069,5,66824,59471,2444
5071,5,26578,16685,0
5073,5,6624,1627,116
5075,5,16406,9204,672
5077,5,8857,35234,202
5079,5,13024,97364,847
5081,5,12259,2502,13
5083,5,21466,3343,0
5085,5,73309,11166,47
5087,5,16576,9682,18
5089,5,16694,520,0
5091,5,43257,12308,146
5093,5,40651,15290,221
5095,5,6701,1189,0
5097,5,8986,421,0
5099,5,8252,5414,163
5101,5,7753,915,0
5103,5,23382,1988,12
5105,5,10455,1997,0
5107,5,17782,7546,244
5109,5,10718,1163,2
5111,5,23528,5015,229
5113,5,19964,4746,0
5115,5,64072,32504,197
5117,5,8062,1472,0
5119,5,391911,164221,4307
5121,5,17958,4443,57
5123,5,24994,62191,158
5125,5,122437,23851,187
5127,5,10281,744,0
5129,5,7881,1079,0
5131,5,127827,33526,298
5133,5,17007,39091,413
5135,5,17442,4445,286
5137,5,12506,1568,22
5139,5,38682,18724,853
5141,5,16545,3696,231
5143,5,239187,198531,1633
5145,5,78753,8137,125
5147,5,6320,545,0
5149,5,21341,35448,331
0,6,0,32,0
6000,6,0,3024,0
6001,6,1671329,477406,11267
6003,6,1129,233,0
6005,6,39752,2277,0
6007,6,219186,17244,152
6009,6,45905,3468,8
6011,6,21547,4955,15
6013,6,1153526,261905,5665
6015,6,27812,3844,0
6017,6,192843,17192,9
6019,6,999101,389970,5000
6021,6,28393,8172,136
6023,6,135558,12209,262
6025,6,181215,381990,6276
6027,6,18039,2810,95
6029,6,900202,398971,5226
6031,6,152940,157874,1550
6033,6,64386,5116,26
6035,6,30573,1311,1
6037,6,10039107,7806288,267212
6039,6,157327,42150,548
6041,6,258826,124478,2285
6043,6,17203,2016,78
6045,6,86749,6793,50
6047,6,277680,87599,944
6049,6,8841,0,0
6051,6,14444,4797,120
6053,6,434061,128059,1183
6055,6,137744,25455,393
6057,6,99755,9824,117
6059,6,3175692,1174289,23512
6061,6,398329,55858,1074
6063,6,18807,862,0
6065,6,2470546,1350019,37255
6067,6,1552058,294853,6935
6069,6,62808,18861,252
6071,6,2180085,972383,21663
6073,6,3338330,1140374,30640
6075,6,881549,320725,4435
6077,6,762148,294336,5056
6079,6,283111,53984,232
6081,6,766573,273798,9022
6083,6,446499,238582,1920
6085,6,1927852,434418,15899
6087,6,273213,35026,267
6089,6,180080,9882,441
6091,6,3005,69,0
6093,6,43539,2136,0
6095,6,447643,107123,2044
6097,6,494336,93785,773
6099,6,550660,209954,3609
6101,6,96971,16961,302
6103,6,65084,4670,75
6105,6,12285,137,0
6107,6,466195,314036,9883
6109,6,54478,2727,4
6111,6,846006,222221,3908
6113,6,220500,46153,2454
6115,6,78668,8960,155
0,8,0,9516,134
8001,8,517421,352903,12768
8003,8,16233,11238,358
8005,8,656590,460685,28844
8007,8,14029,1126,0
8009,8,3581,1418,0
8011,8,5577,251,0
8013,8,326196,114744,6335
8014,8,70465,26908,2433
8015,8,20356,9888,1801
8017,8,1831,431,0
8019,8,9700,1962,99
8021,8,8205,764,0
8023,8,3887,1230,0
8025,8,6061,5248,131
8027,8,5068,349,0
8029,8,31162,7053,112
8031,8,727211,609637,31691
8033,8,2055,12,0
8035,8,351154,89261,4442
8037,8,55127,74508,912
8039,8,26729,5391,194
8041,8,720403,213075,10332
8043,8,47839,3636,0
8045,8,60061,24382,269
8047,8,6243,539,0
8049,8,15734,1701,30
8051,8,17462,20553,616
8053,8,820,344,0
8055,8,6897,365,28
8057,8,1392,174,0
8059,8,582881,245761,16759
8061,8,1406,0,0
8063,8,7097,3060,277
8065,8,8127,3824,0
8067,8,56221,10407,93
8069,8,356899,69808,2699
8071,8,14506,681,0
8073,8,5701,396,0
8075,8,22409,53034,376
8077,8,154210,9352,6
8079,8,769,627,0
8081,8,13283,1055,19
8083,8,26183,5386,314
8085,8,42758,18307,1229
8087,8,29068,58506,3715
8089,8,18278,1948,107
8091,8,4952,917,111
8093,8,18845,2412,12
8095,8,4265,1326,0
8097,8,17767,9341,246
8099,8,12172,1840,0
8101,8,168424,32332,2116
8103,8,6324,262,0
8105,8,11267,4493,73
8107,8,25638,7498,574
8109,8,6824,6481,114
8111,8,728,113,0
8113,8,8179,3445,0
8115,8,2248,125,0
8117,8,31011,23994,248
8119,8,25388,4574,236
8121,8,4908,3238,0
8123,8,324492,265644,13292
8125,8,10019,3515,0
0,9,0,35638,148
9001,9,943332,1611036,124914
9003,9,891720,1013728,118433
9005,9,180333,140151,12570
9007,9,162436,113510,15079
9009,9,854757,1141699,92487
9011,9,265206,107440,8180
9013,9,150721,80645,5934
9015,9,116782,44981,1171
0,10,0,5855,16
10001,10,180786,146803,6840
10003,10,558753,412954,17695
10005,10,234225,412002,13496
11001,11,705749,891332,45306
0,12,0,14537,4
12001,12,269043,99269,883
12003,12,29210,7671,383
12005,12,174705,54073,503
12007,12,28201,8618,216
12009,12,601942,141859,2015
12011,12,1952778,1540176,35467
12013,12,14105,8121,382
12015,12,188910,67094,5955
12017,12,149657,29819,1374
12019,12,219252,77132,3115
12021,12,384902,315371,5947
12023,12,71686,38736,287
12027,12,38001,41069,886
12029,12,16826,6654,215
12031,12,957755,535157,5857
12033,12,318316,194991,3633
12035,12,115081,29381,477
12037,12,12125,1517,7
12039,12,45660,36990,427
12041,12,18582,7188,2
12043,12,13811,10795,133
12045,12,13639,3885,0
12047,12,14428,24835,101
12049,12,26937,26511,135
12051,12,42022,63551,1745
12053,12,193920,37642,689
12055,12,106221,29605,1101
12057,12,1471968,792913,11212
12059,12,19617,9976,17
12061,12,159923,53290,1377
12063,12,46414,34200,270
12065,12,14246,5306,330
12067,12,8422,2361,0
12069,12,367118,110559,1995
12071,12,770577,462125,12954
12073,12,293582,103247,714
12075,12,41503,13083,79
12077,12,8354,19771,67
12079,12,18493,16461,317
12081,12,403253,241156,10633
12083,12,365579,76427,1163
12085,12,161000,133451,2081
12086,12,2716940,3462440,80699
12087,12,74228,28761,458
12089,12,88625,23026,162
12091,12,210738,62964,747
12093,12,42168,24066,36
12095,12,1393452,768253,6101
12097,12,375751,198739,2309
12099,12,1496770,1116531,42230
12101,12,553947,155822,2039
12103,12,974996,464069,13580
12105,12,724777,312454,8231
12107,12,74521,34960,537
12109,12,264672,83194,811
12111,12,328297,133916,4300
12113,12,184313,62918,1070
12115,12,433742,146064,8108
12117,12,471826,183450,1856
12119,12,132420,39497,1818
12121,12,44417,36797,1892
12123,12,21569,6657,45
12125,12,15237,5541,115
12127,12,553284,181965,4870
12129,12,33739,8967,109
12131,12,74071,26419,681
12133,12,25473,10351,658
0,13,0,527055,3911
13001,13,18386,21091,1174
13003,13,8165,9292,168
13005,13,11164,16721,305
13007,13,3038,3780,251
13009,13,44890,44043,2485
13011,13,19234,9925,57
13013,13,83240,41495,1817
13015,13,107738,66602,4120
13017,13,16700,12012,76
13019,13,19397,8518,0
13021,13,153159,87508,2920
13023,13,12873,5316,52
13025,13,19109,7907,245
13027,13,15457,12692,948
13029,13,39627,14127,478
13031,13,79608,25815,362
13033,13,22383,14771,538
13035,13,24936,24999,2435
13037,13,6189,14619,531
13039,13,54666,13724,146
13043,13,10803,4113,7
13045,13,119992,72218,3046
13047,13,67580,20664,318
13049,13,13392,6162,127
13051,13,289430,119465,2720
13053,13,10907,22297,14
13055,13,24789,4630,205
13057,13,258773,115242,3449
13059,13,128331,50388,1621
13061,13,2834,4705,219
13063,13,292256,176207,6025
13065,13,6618,7304,189
13067,13,760141,432107,19405
13069,13,43273,45550,1386
13071,13,45600,68367,1557
13073,13,156714,47355,824
13075,13,17270,10988,179
13077,13,148509,55817,1095
13079,13,12404,3673,0
13081,13,22372,25449,895
13083,13,16116,4708,117
13085,13,26108,12683,211
13087,13,26404,22052,545
13089,13,759297,509864,12936
13091,13,20605,7947,168
13093,13,13390,18630,1200
13095,13,87956,205984,15608
13097,13,146343,83620,2761
13099,13,10190,27587,2911
13101,13,4006,11668,0
13103,13,64296,14703,115
13105,13,19194,10000,8
13107,13,22646,9128,199
13109,13,10654,2792,6
13111,13,26188,8153,105
13113,13,114421,34856,1570
13115,13,98498,43374,1480
13117,13,244252,72024,1337
13119,13,23349,13218,113
13121,13,1063937,665496,25238
13123,13,31369,17459,108
13125,13,2971,518,0
13127,13,85292,57670,439
13129,13,57963,30564,1682
13131,13,24633,15602,386
13133,13,18324,9493,723
13135,13,936250,626583,14015
13137,13,45328,56584,2592
13139,13,204441,281817,4746
13141,13,8457,17473,2122
13143,13,29792,6804,351
13145,13,35236,22497,690
13147,13,26205,5822,0
13149,13,11923,4564,251
13151,13,234561,110004,2537
13153,13,157863,58406,2265
13155,13,9416,5150,98
13157,13,72977,29897,681
13159,13,14219,5488,69
13161,13,15115,8214,186
13163,13,15362,9618,167
13165,13,8676,7144,651
13167,13,9643,9328,218
13169,13,28735,7394,14
13171,13,19077,9131,366
13173,13,10423,7831,229
13175,13,47546,18975,113
13177,13,29992,41658,2428
13179,13,61435,13675,73
13181,13,7921,3399,76
13183,13,19559,3148,69
13185,13,117406,87094,877
13187,13,33610,11786,202
13189,13,21312,9707,587
13191,13,14378,3550,66
13193,13,12947,11161,678
13195,13,29880,9006,252
13197,13,8359,6839,202
13199,13,21167,14546,203
13201,13,5718,4906,0
13205,13,21863,44127,3720
13207,13,27578,14262,1177
13209,13,9172,2738,0
13211,13,19276,5505,0
13213,13,40096,16234,123
13215,13,195769,134233,3168
13217,13,111744,53936,1189
13219,13,40280,15061,715
13221,13,15259,8189,594
13223,13,168667,50354,1292
13225,13,27546,10410,623
13227,13,32591,7772,411
13229,13,19465,15237,399
13231,13,18962,7874,263
13233,13,42613,18739,91
13235,13,11137,4703,180
13237,13,22119,12712,947
13239,13,2299,1380,105
13241,13,17137,4379,179
13243,13,6778,20352,2250
13245,13,202518,96865,3678
13247,13,90896,43153,932
13249,13,5257,2325,114
13251,13,13966,6532,396
13253,13,8090,5044,209
13255,13,66703,37282,2327
13257,13,25925,19330,366
13259,13,6621,9737,152
13261,13,29524,53993,4432
13263,13,6195,5664,199
13265,13,1537,160,0
13267,13,25286,8909,5
13269,13,8020,2912,226
13271,13,15860,8267,165
13273,13,8531,23674,2687
13275,13,44451,40718,3011
13277,13,40644,49884,1875
13279,13,26830,16133,456
13281,13,12037,3993,92
13283,13,6901,2184,57
13285,13,69922,84489,2120
13287,13,7985,14125,1358
13289,13,8120,2426,64
13291,13,24511,6589,232
13293,13,26320,32230,3504
13295,13,69761,21560,486
13297,13,94593,33692,1813
13299,13,35734,37220,1460
13301,13,5254,2315,0
13303,13,20374,10987,103
13305,13,29927,9183,13
13307,13,2607,1839,122
13309,13,7855,3002,4
13311,13,30798,12603,294
13313,13,104628,82518,1051
13315,13,8635,11563,1314
13317,13,9777,5841,107
13319,13,8954,7561,597
13321,13,20247,27086,1922
0,15,0,1502,16
15001,15,201513,9281,0
15003,15,974563,67131,1270
15005,15,86,0,0
15007,15,72293,3185,0
15009,15,167417,13733,606
0,16,0,60,2
16001,16,481587,208846,2455
16003,16,4294,708,0
16005,16,87808,7490,60
16007,16,6125,84,0
16009,16,9298,1466,0
16011,16,46811,3635,32
16013,16,23021,61204,595
16015,16,7831,426,0
16017,16,45739,2773,0
16019,16,119062,11638,44
16021,16,12245,309,0
16023,16,2597,0,0
16025,16,1106,120,0
16027,16,229849,97808,931
16029,16,7155,715,0
16031,16,24030,14949,120
16033,16,845,0,0
16035,16,8756,201,0
16037,16,4315,352,0
16039,16,27511,5639,195
16041,16,13876,1408,0
16043,16,13099,807,0
16045,16,18112,3437,0
16047,16,15179,5251,44
16049,16,16667,672,0
16051,16,29871,1907,8
16053,16,24412,19309,344
16055,16,165697,30018,41
16057,16,40108,1702,0
16059,16,8027,210,0
16061,16,3838,0,0
16063,16,5366,3630,0
16065,16,39907,3790,0
16067,16,21039,11994,9
16069,16,40408,9121,1947
16071,16,4531,171,0
16073,16,11823,4036,0
16075,16,23951,7810,193
16077,16,7681,1079,0
16079,16,12882,515,0
16081,16,12142,1947,0
16083,16,86878,51390,2111
16085,16,11392,1084,13
16087,16,10194,6529,44
0,17,0,15870,99
17001,17,65435,9593,89
17003,17,5761,1529,0
17005,17,16426,1433,107
17007,17,53544,43619,1683
17009,17,6578,842,0
17011,17,32628,2620,114
17013,17,4739,153,0
17015,17,14305,1752,218
17017,17,12147,8864,251
17019,17,209689,68619,1029
17021,17,32304,4414,452
17023,17,15441,1801,0
17025,17,13184,316,0
17027,17,37562,19692,1324
17029,17,50621,13053,1158
17031,17,5150233,7720269,365387
17033,17,18667,1542,0
17035,17,10766,1397,17
17037,17,104897,42246,1119
17039,17,15638,766,0
17041,17,19465,4128,7
17043,17,922921,755060,37724
17045,17,17161,620,0
17047,17,6395,218,0
17049,17,34008,1546,112
17051,17,21336,2404,267
17053,17,12961,2362,113
17055,17,38469,2473,0
17057,17,34340,1116,0
17059,17,4828,540,0
17061,17,12969,690,0
17063,17,51054,12450,254
17065,17,8116,386,0
17067,17,17708,1580,57
17069,17,3821,200,0
17071,17,6646,720,0
17073,17,48913,8365,47
17075,17,27114,12791,372
17077,17,56750,27499,1387
17079,17,9610,4601,639
17081,17,37684,10462,1495
17083,17,21773,2934,95
17085,17,21235,3773,55
17087,17,12417,1633,0
17089,17,532403,591100,19275
17091,17,109862,99419,4993
17093,17,128990,77602,1729
17095,17,49699,11107,7
17097,17,696535,819089,31713
17099,17,108669,18139,1217
17101,17,15678,818,0
17103,17,34096,8198,113
17105,17,35648,4024,169
17107,17,28618,1703,0
17109,17,29682,7995,960
17111,17,307774,165870,7736
17113,17,171517,24349,1075
17115,17,104009,20418,1900
17117,17,44926,5314,189
17119,17,262966,79422,5398
17121,17,37205,6008,0
17123,17,11438,758,0
17125,17,13359,2009,0
17127,17,13772,1036,0
17129,17,12196,2170,0
17131,17,15437,1960,0
17133,17,34637,12054,1207
17135,17,28414,5106,140
17137,17,33658,8024,235
17139,17,14501,1522,0
17141,17,50643,22144,307
17143,17,179179,38289,1644
17145,17,20916,4464,30
17147,17,16344,1530,0
17149,17,15561,304,0
17151,17,4177,116,0
17153,17,5335,5526,0
17155,17,5739,113,0
17157,17,31782,26532,476
17159,17,15513,486,0
17161,17,141879,79557,2309
17163,17,259686,146406,9700
17165,17,23491,1447,0
17167,17,194672,39054,2643
17169,17,6768,1011,0
17171,17,4951,58,0
17173,17,21634,1725,91
17175,17,5342,322,0
17177,17,44498,19624,332
17179,17,131803,11068,577
17181,17,16653,14648,1163
17183,17,75758,5689,133
17185,17,11520,1163,0
17187,17,16844,11708,0
17189,17,13887,2062,0
17191,17,16215,1103,76
17193,17,13537,741,0
17195,17,55175,15981,1196
17197,17,690743,568487,27626
17199,17,66597,9620,237
17201,17,282572,220353,6514
17203,17,38459,3071,181
0,18,0,1753,3163
18001,18,35777,2914,108
18003,18,379299,189081,8797
18005,18,83779,49998,3481
18007,18,8748,3251,0
18009,18,11758,2724,168
18011,18,67843,36611,3582
18013,18,15092,3657,113
18015,18,20257,8762,188
18017,18,37689,148131,677
18019,18,118302,55314,3700
18021,18,26225,4929,264
18023,18,32399,20969,158
18025,18,10577,2762,0
18027,18,33351,10861,1519
18029,18,49458,20344,1963
18031,18,26559,25523,3185
18033,18,43475,9156,234
18035,18,114135,37081,3641
18037,18,42736,21374,384
18039,18,206341,196553,3457
18041,18,23102,7762,648
18043,18,78522,34570,3661
18045,18,16346,2484,222
18047,18,22758,13174,909
18049,18,19974,5553,90
18051,18,33659,4783,136
18053,18,65769,24793,2102
18055,18,31922,16421,2347
18057,18,338011,136925,9155
18059,18,78168,37734,2736
18061,18,40515,19714,1818
18063,18,170311,123316,7696
18065,18,47972,18659,1037
18067,18,82544,43271,3535
18069,18,36520,4959,219
18071,18,44231,37806,193
18073,18,33562,8677,160
18075,18,20436,4969,0
18077,18,32308,6084,101
18079,18,27735,14608,632
18081,18,158167,113641,10394
18083,18,36594,4537,0
18085,18,79456,29465,278
18087,18,39614,24159,447
18089,18,485493,404833,19211
18091,18,109888,45954,2076
18093,18,45370,19020,2238
18095,18,129569,62218,6082
18097,18,964582,1021676,57852
18099,18,46258,27247,423
18101,18,10255,1708,0
18103,18,35516,15501,127
18105,18,148431,24645,1784
18107,18,38338,22348,1409
18109,18,70489,29021,2296
18111,18,13984,8258,928
18113,18,47744,30510,2169
18115,18,5875,1480,24
18117,18,19646,12437,2000
18119,18,20799,4195,110
18121,18,16937,2099,0
18123,18,19169,7278,365
18125,18,12389,767,0
18127,18,170389,58387,2580
18129,18,25427,3595,0
18131,18,12353,4666,53
18133,18,37576,14243,717
18135,18,24665,5463,329
18137,18,28324,12889,659
18139,18,16581,5139,266
18141,18,271826,150399,4541
18143,18,23873,12730,511
18145,18,44729,36744,2064
18147,18,20277,3053,89
18149,18,22995,5929,278
18151,18,34594,9652,208
18153,18,20669,3777,70
18155,18,10751,2405,0
18157,18,195732,48317,570
18159,18,15148,3064,117
18161,18,7054,1201,0
18163,18,181451,44150,397
18165,18,15498,1229,0
18167,18,107038,18586,785
18169,18,30996,8585,202
18171,18,8265,1387,120
18173,18,62998,19450,2501
18175,18,28036,6114,84
18177,18,65884,10635,535
18179,18,28296,4717,39
18181,18,24102,20927,691
18183,18,33964,6176,335
0,19,0,1534,0
19001,19,7152,1026,0
19003,19,3602,553,0
19005,19,13687,12060,418
19007,19,12426,1585,303
19009,19,5496,1286,78
19011,19,25645,5490,113
19013,19,131228,183557,4260
19015,19,26234,9275,43
19017,19,25062,8221,548
19019,19,21175,4048,53
19021,19,19620,97422,518
19023,19,14439,3293,109
19025,19,9668,2431,58
19027,19,20165,5038,54
19029,19,12836,1370,0
19031,19,18627,6330,83
19033,19,42450,11837,234
19035,19,11235,4393,26
19037,19,11933,1755,0
19039,19,9395,7461,113
19041,19,16016,6713,20
19043,19,17549,3606,267
19045,19,46429,9219,104
19047,19,16820,46981,198
19049,19,93453,96651,1993
19051,19,9000,2573,50
19053,19,7870,557,0
19055,19,17011,2899,57
19057,19,38967,6591,149
19059,19,17258,13127,109
19061,19,97311,49380,1664
19063,19,9208,4407,4
19065,19,19650,3461,0
19067,19,15642,3578,113
19069,19,10070,5019,22
19071,19,6960,560,0
19073,19,8888,1963,0
19075,19,12232,2735,7
19077,19,10689,5457,277
19079,19,14773,9929,30
19081,19,10630,3201,35
19083,19,16846,4441,0
19085,19,14049,3894,0
19087,19,19954,7070,211
19089,19,9158,1930,0
19091,19,9558,3041,57
19093,19,6860,1382,0
19095,19,16184,4022,20
19097,19,19439,2866,0
19099,19,37185,27437,1341
19101,19,18295,3585,0
19103,19,151140,89965,779
19105,19,20681,4892,16
19107,19,10246,1482,42
19109,19,14813,2242,0
19111,19,33657,3435,76
19113,19,226706,110130,7409
19115,19,11035,34594,900
19117,19,8600,1804,188
19119,19,11755,3354,0
19121,19,16338,3283,169
19123,19,22095,8093,1002
19125,19,33253,4624,0
19127,19,39369,88478,1302
19129,19,15109,2571,0
19131,19,10586,1916,0
19133,19,8615,4280,0
19135,19,7707,3506,412
19137,19,9917,947,108
19139,19,42664,57098,3538
19141,19,13753,5322,49
19143,19,5958,4079,0
19145,19,15107,1714,0
19147,19,8886,1975,0
19149,19,25177,18864,262
19151,19,6619,4060,38
19153,19,490161,468595,12698
19155,19,93206,43819,824
19157,19,18504,9111,710
19159,19,4894,768,20
19161,19,9721,3340,0
19163,19,172943,57473,913
19165,19,11454,6129,0
19167,19,34855,29414,5
19169,19,97117,37402,289
19171,19,16854,41462,2315
19173,19,6121,4883,0
19175,19,12241,1763,13
19177,19,7044,1428,15
19179,19,34969,50990,1625
19181,19,51466,18435,67
19183,19,21965,21511,874
19185,19,6441,468,13
19187,19,35904,15140,166
19189,19,10354,1939,0
19191,19,19991,3011,12
19193,19,103107,251493,2956
19195,19,7381,1131,0
19197,19,12562,21475,26
0,20,0,139,100
20001,20,12369,243,0
20003,20,7858,492,0
20005,20,16073,2588,0
20007,20,4427,159,0
20009,20,25779,4272,130
20011,20,14534,1822,113
20013,20,9564,932,0
20015,20,66911,5522,0
20017,20,2648,348,0
20019,20,3250,466,0
20021,20,19939,2363,20
20023,20,2657,181,0
20025,20,1994,2636,0
20027,20,8002,693,111
20029,20,8786,1100,0
20031,20,8179,5917,830
20033,20,1700,152,0
20035,20,34908,4043,119
20037,20,38818,12449,121
20039,20,2827,60,0
20041,20,18466,861,12
20043,20,7600,1815,0
20045,20,122259,18181,14
20047,20,2798,544,0
20049,20,2530,33,0
20051,20,28553,2623,3
20053,20,6102,459,0
20055,20,36467,126831,743
20057,20,33619,158327,760
20059,20,25544,5557,20
20061,20,31670,5014,56
20063,20,2636,152,0
20065,20,2482,180,0
20067,20,7150,2779,76
20069,20,5988,2136,0
20071,20,1232,35,0
20073,20,5982,786,0
20075,20,2539,2208,0
20077,20,5436,205,0
20079,20,34429,3535,182
20081,20,3968,2104,0
20083,20,1794,490,0
20085,20,13171,7702,54
20087,20,19043,2441,0
20089,20,2879,460,0
20091,20,602401,156580,7130
20093,20,3838,3941,47
20095,20,7152,101,0
20097,20,2475,271,0
20099,20,19618,4347,0
20101,20,1535,290,0
20103,20,81758,100763,658
20105,20,2962,91,0
20107,20,9703,1307,0
20109,20,2794,49,0
20111,20,33195,41201,468
20113,20,28542,5240,0
20115,20,11884,1265,95
20117,20,9707,138,0
20119,20,4033,2494,0
20121,20,34237,2563,0
20123,20,5979,680,0
20125,20,31829,3673,259
20127,20,5620,505,0
20129,20,2587,552,78
20131,20,10231,1737,0
20133,20,16007,1610,0
20135,20,2750,256,0
20137,20,5361,578,0
20139,20,15949,1341,0
20141,20,3421,256,0
20143,20,5704,854,0
20145,20,6414,227,0
20147,20,5234,928,85
20149,20,24383,4660,0
20151,20,9164,742,0
20153,20,2530,0,0
20155,20,61998,7636,5
20157,20,4636,812,0
20159,20,9537,557,0
20161,20,74232,15203,177
20163,20,4920,788,0
20165,20,3036,93,0
20167,20,6856,79,0
20169,20,54224,8555,235
20171,20,4823,1214,0
20173,20,516042,117023,2278
20175,20,21428,84158,156
20177,20,176875,51047,918
20179,20,2521,328,0
20181,20,5917,638,0
20183,20,3583,252,0
20185,20,4156,138,0
20187,20,2006,949,0
20189,20,5485,2645,0
20191,20,22836,1793,116
20193,20,7777,665,0
20195,20,2803,103,0
20197,20,6931,2996,0
20199,20,1518,0,0
20201,20,5406,61,0
20203,20,2119,12,0
20205,20,8525,211,0
20207,20,3138,754,0
20209,20,165429,191648,7786
0,21,0,3219,41
21001,21,19202,11376,1677
21003,21,21315,10648,354
21005,21,22747,2278,130
21007,21,7888,1352,0
21009,21,44249,7517,118
21011,21,12500,1191,90
21013,21,26032,3407,14
21015,21,133581,49055,1581
21017,21,19788,2410,136
21019,21,46718,5998,322
21021,21,30060,3485,0
21023,21,8303,1511,0
21025,21,12630,663,0
21027,21,20477,2150,141
21029,21,81676,13043,397
21031,21,12879,22578,1033
21033,21,12747,1860,0
21035,21,39001,7044,119
21037,21,93584,21977,1179
21039,21,4760,591,89
21041,21,10631,3452,39
21043,21,26797,2332,15
21045,21,16159,2384,103
21047,21,70461,17934,371
21049,21,36263,6773,207
21051,21,19901,3565,171
21053,21,10218,558,0
21055,21,8806,848,100
21057,21,6614,737,0
21059,21,101511,37836,667
21061,21,12150,5916,842
21063,21,7517,202,0
21065,21,14106,271,0
21067,21,323152,108346,2111
21069,21,14581,1223,0
21071,21,35589,2582,15
21073,21,50991,8724,192
21075,21,5969,1337,21
21077,21,8869,3792,421
21079,21,17666,1613,0
21081,21,25069,4929,396
21083,21,37266,20415,1843
21085,21,26427,12112,839
21087,21,10941,511,42
21089,21,35098,2482,0
21091,21,8722,1453,0
21093,21,110958,15363,360
21095,21,26010,2397,79
21097,21,18886,5021,0
21099,21,19035,2886,0
21101,21,45210,13580,269
21103,21,16126,2728,94
21105,21,4380,591,0
21107,21,44686,25600,2975
21109,21,13329,8294,1215
21111,21,766757,316779,16604
21113,21,54115,9363,0
21115,21,22188,777,0
21117,21,166998,66016,3300
21119,21,14806,893,0
21121,21,31145,4056,140
21123,21,14398,1325,49
21125,21,60813,8189,261
21127,21,15317,649,0
21129,21,7403,81,0
21131,21,9877,784,0
21133,21,21553,951,0
21135,21,13275,1318,0
21137,21,24549,2383,106
21139,21,9194,1052,2
21141,21,27102,15494,729
21143,21,8210,1896,326
21145,21,65418,13247,267
21147,21,17231,1602,0
21149,21,9207,2327,115
21151,21,92987,10434,107
21153,21,12161,361,0
21155,21,19273,4048,0
21157,21,31100,5122,166
21159,21,11195,665,0
21161,21,17070,2048,22
21163,21,28572,2576,191
21165,21,6489,951,0
21167,21,21933,1920,0
21169,21,10071,812,115
21171,21,10650,2769,55
21173,21,28157,3943,0
21175,21,13309,719,0
21177,21,30622,44644,714
21179,21,46233,6450,83
21181,21,7269,573,0
21183,21,23994,15413,34
21185,21,66799,13022,422
21187,21,10901,613,0
21189,21,4415,266,0
21191,21,14590,1393,0
21193,21,25758,4538,62
21195,21,57876,6200,228
21197,21,12359,700,0
21199,21,64979,8438,227
21201,21,2108,40,0
21203,21,16695,2029,0
21205,21,24460,1619,0
21207,21,17923,3826,401
21209,21,57004,7432,0
21211,21,49024,27624,885
21213,21,18572,6267,298
21215,21,19351,3078,0
21217,21,25769,2770,60
21219,21,12294,2115,0
21221,21,14651,1831,0
21223,21,8471,751,0
21225,21,14381,2081,0
21227,21,132896,115390,852
21229,21,12095,1680,0
21231,21,20333,1537,0
21233,21,12942,3921,7
21235,21,36264,2801,6
21237,21,7157,205,0
21239,21,26734,5069,0
0,22,0,8168,55
22001,22,62045,71309,2896
22003,22,25627,28971,1182
22005,22,126604,114493,5754
22007,22,21891,31564,1238
22009,22,40144,26601,1163
22011,22,37497,17946,610
22013,22,13241,17754,2307
22015,22,127039,73533,2983
22017,22,240204,309082,19831
22019,22,203436,150960,5352
22021,22,9918,8167,55
22023,22,6973,3788,0
22025,22,9494,13738,307
22027,22,15670,10130,981
22029,22,19259,10040,532
22031,22,27463,32478,1791
22033,22,440059,468499,24007
22035,22,6861,22874,34
22037,22,19135,25028,2766
22039,22,33395,17663,104
22041,22,20015,38164,1058
22043,22,22389,6912,112
22045,22,69830,69304,3877
22047,22,32511,67330,4158
22049,22,15744,15005,1183
22051,22,432493,944876,47773
22053,22,31368,27206,921
22055,22,244390,184541,3700
22057,22,97614,115228,7480
22059,22,14892,7712,17
22061,22,46742,25291,1513
22063,22,140789,79043,3060
22065,22,10951,21423,184
22067,22,24874,17360,683
22069,22,38158,23253,1142
22071,22,390144,859036,54877
22073,22,153279,187828,5556
22075,22,23197,26260,1839
22077,22,21730,25140,2326
22079,22,129648,115233,4315
22081,22,8442,6189,731
22083,22,20122,17575,282
22085,22,23884,10246,82
22087,22,47244,65843,2271
22089,22,53100,78919,4839
22091,22,10132,7979,104
22093,22,21096,37773,2738
22095,22,42837,101079,8710
22097,22,82124,57919,5490
22099,22,53431,56734,2541
22101,22,49348,48113,3217
22103,22,260419,228793,16285
22105,22,134758,123438,3825
22107,22,4334,1882,0
22109,22,110461,100492,5391
22111,22,22108,33671,1905
22113,22,59511,24014,494
22115,22,47429,12476,552
22117,22,46194,57263,3950
22119,22,38340,29963,844
22121,22,26465,24441,2942
22123,22,10830,8697,209
22125,22,15568,22057,1064
22127,22,13904,17822,367
0,23,0,483,0
23001,23,108277,32319,310
23003,23,67055,1445,68
23005,23,295003,133548,5124
23007,23,30199,3694,95
23009,23,54987,1391,82
23011,23,122302,13974,894
23013,23,39772,2315,56
23015,23,34634,2322,2
23017,23,57975,3335,0
23019,23,152148,10725,185
23021,23,16785,173,0
23023,23,35856,3195,0
23025,23,50484,2549,5
23027,23,39715,5718,1386
23029,23,31379,233,0
23031,23,207641,43790,1031
0,24,0,12,4854
24001,24,70416,18052,1453
24003,24,579234,412325,16664
24005,24,827370,661507,34939
24009,24,92525,34851,1906
24011,24,33406,24872,144
24013,24,168447,94132,9114
24015,24,102855,40037,2234
24017,24,163257,117483,7283
24019,24,31929,15563,356
24021,24,259547,201221,9776
24023,24,29014,1409,0
24025,24,255441,94432,4517
24027,24,325690,208914,6384
24029,24,19422,16462,1707
24031,24,1050688,1169005,57506
24033,24,909327,1511651,53743
24035,24,50381,18351,1376
24037,24,113510,50003,3055
24039,24,25616,7265,194
24041,24,37181,11999,283
24043,24,151049,52246,1776
24045,24,103609,89431,2877
24047,24,52276,23196,1137
24510,24,593490,604240,26302
0,25,0,46454,858
25001,25,212990,142781,11429
25003,25,124944,61698,4418
25005,25,565217,701107,43823
25007,25,17332,4021,0
25009,25,789034,1438294,91181
25011,25,70180,35749,5183
25013,25,466372,611387,58447
25015,25,160830,87480,8760
25017,25,1611699,2191637,157234
25019,25,11399,1753,114
25021,25,706775,861102,81156
25023,25,521202,792035,54770
25025,25,803907,1860773,86754
25027,25,830622,1070335,72560
0,26,0,362777,6672
26001,26,10405,1556,64
26003,26,9108,158,0
26005,26,118081,25839,495
26007,26,28405,10188,933
26009,26,23324,1756,0
26011,26,14883,3393,143
26013,26,8209,218,0
26015,26,61550,8724,174
26017,26,103126,33096,2178
26019,26,17766,837,14
26021,26,153401,72650,4615
26023,26,43517,17700,225
26025,26,134159,44713,2624
26027,26,51787,11426,406
26029,26,26143,2394,153
26031,26,25276,2563,157
26033,26,37349,738,0
26035,26,30950,2395,230
26037,26,79595,20993,1127
26039,26,14029,6697,475
26041,26,35784,2492,243
26043,26,25239,1090,226
26045,26,110268,25661,710
26047,26,33415,3130,236
26049,26,405813,248984,26396
26051,26,25449,2218,108
26053,26,13975,1149,124
26055,26,93088,5250,554
26057,26,40711,7382,901
26059,26,45605,18653,2398
26061,26,35684,1215,0
26063,26,30981,5679,174
26065,26,292406,87754,2439
26067,26,64697,16062,382
26069,26,25127,9135,911
26071,26,11066,326,32
26073,26,69872,10904,809
26075,26,158510,49436,2850
26077,26,265066,89864,5314
26079,26,18038,3045,258
26081,26,656955,400482,9731
26083,26,2116,64,0
26085,26,11853,697,0
26087,26,87607,25413,3090
26089,26,21761,2071,0
26091,26,98451,19803,530
26093,26,191995,52643,2587
26095,26,6229,259,0
26097,26,10799,848,0
26099,26,873972,746274,84588
26101,26,24558,1782,0
26103,26,66699,6858,1063
26105,26,29144,4187,0
26107,26,43453,2756,211
26109,26,22780,1838,0
26111,26,83156,13445,809
26113,26,15118,2376,122
26115,26,150500,55390,1949
26117,26,63888,8573,113
26119,26,9328,552,0
26121,26,173566,67363,3796
26123,26,48980,11796,0
26125,26,1257584,1107819,102359
26127,26,26467,17438,283
26129,26,20997,2870,112
26131,26,5720,35,0
26133,26,23460,2510,0
26135,26,8241,1169,100
26137,26,24668,11748,987
26139,26,291830,84775,3720
26141,26,12592,1190,4
26143,26,24019,2661,0
26145,26,190539,114507,10492
26147,26,159128,51641,4051
26149,26,60964,20632,300
26151,26,41170,5084,576
26153,26,8094,490,0
26155,26,68122,25075,2271
26157,26,52245,19889,2343
26159,26,75677,17991,644
26161,26,367601,165419,9642
26163,26,1749343,2299509,252972
26165,26,33631,2436,293
0,27,0,5735,76
27001,27,15886,1009,0
27003,27,356921,151519,7077
27005,27,34423,4378,1
27007,27,47188,3255,0
27009,27,40889,16479,233
27011,27,4991,993,0
27013,27,67653,26591,97
27015,27,25008,2511,186
27017,27,35871,8024,0
27019,27,105089,26603,98
27021,27,29779,1440,158
27023,27,11800,4933,64
27025,27,56579,6878,117
27027,27,64222,43858,2767
27029,27,8818,612,0
27031,27,5463,54,0
27033,27,11196,9098,0
27035,27,65055,7680,631
27037,27,429021,157138,5853
27039,27,20934,6269,0
27041,27,38141,4594,0
27043,27,13653,3157,0
27045,27,21067,2563,0
27047,27,30281,18058,13
27049,27,46340,8444,455
27051,27,5972,971,14
27053,27,1265843,876681,59676
27055,27,18600,1208,0
27057,27,21491,456,0
27059,27,40596,4505,0
27061,27,45130,5418,800
27063,27,9846,4181,0
27065,27,16337,1128,71
27067,27,43199,44695,92
27069,27,4298,141,0
27071,27,12229,1269,44
27073,27,6623,359,0
27075,27,10641,379,0
27077,27,3740,4,0
27079,27,28887,7326,78
27081,27,5639,1225,0
27083,27,25474,16995,123
27085,27,35893,5211,0
27087,27,5527,716,84
27089,27,9336,1110,0
27091,27,19683,14348,553
27093,27,23222,4466,53
27095,27,26277,2313,131
27097,27,33386,4262,48
27099,27,40062,51637,129
27101,27,8194,4715,1
27103,27,34274,10466,834
27105,27,21629,139870,415
27107,27,6375,1552,0
27109,27,158293,80145,1284
27111,27,58746,7121,55
27113,27,14119,3006,1
27115,27,29579,8884,0
27117,27,9126,3203,112
27119,27,31364,6505,177
27121,27,11249,998,0
27123,27,550321,324679,14669
27125,27,4055,314,0
27127,27,15170,1104,0
27129,27,14548,1739,96
27131,27,66972,52113,389
27133,27,9315,2548,0
27135,27,15165,948,0
27137,27,199070,15297,1420
27139,27,149013,50003,327
27141,27,97238,24170,260
27143,27,14865,2802,97
27145,27,161075,182854,1303
27147,27,36649,16113,27
27149,27,9805,345,0
27151,27,9266,1933,54
27153,27,24664,25875,108
27155,27,3259,496,0
27157,27,21627,2704,0
27159,27,13682,991,0
27161,27,18612,4153,0
27163,27,262440,76010,2955
27165,27,10897,12252,0
27167,27,6207,1639,313
27169,27,50484,10845,1575
27171,27,138377,33144,237
27173,27,9709,1575,0
0,28,0,449,5
28001,28,30693,24977,1604
28003,28,36953,5471,120
28005,28,12297,7465,155
28007,28,18174,29092,1537
28009,28,8259,2847,0
28011,28,30628,26068,1312
28013,28,14361,11125,427
28015,28,9947,12834,847
28017,28,17103,18771,1422
28019,28,8210,5295,269
28021,28,8988,15266,556
28023,28,15541,15612,1719
28025,28,19316,16250,609
28027,28,22124,17496,469
28029,28,28065,39834,804
28031,28,18636,22917,275
28033,28,184945,102419,1160
28035,28,74897,67019,3374
28037,28,7713,3644,163
28039,28,24500,6167,202
28041,28,13586,5757,405
28043,28,20758,25076,498
28045,28,47632,11843,1169
28047,28,208080,58511,1009
28049,28,231840,166807,3245
28051,28,17010,42225,2908
28053,28,8064,9383,734
28055,28,1327,379,32
28057,28,23390,10922,683
28059,28,143617,52678,1542
28061,28,16383,17898,402
28063,28,6990,6622,153
28065,28,11128,8632,276
28067,28,68098,74616,2969
28069,28,9742,14145,1009
28071,28,54019,26213,391
28073,28,63343,34806,554
28075,28,74125,76036,6236
28077,28,12586,12377,100
28079,28,22786,45318,1236
28081,28,85436,33978,1217
28083,28,28183,36239,3780
28085,28,34153,34410,2618
28087,28,58595,31542,926
28089,28,106272,92449,2645
28091,28,24573,19102,920
28093,28,35294,15765,323
28095,28,35252,31114,2669
28097,28,9775,10747,175
28099,28,29118,69416,4454
28101,28,21018,26836,529
28103,28,10417,19473,545
28105,28,49587,34139,1568
28107,28,34192,20922,424
28109,28,55535,25155,2884
28111,28,11973,6372,316
28113,28,39288,30917,1303
28115,28,32174,16064,375
28117,28,25126,8247,297
28119,28,6792,5491,22
28121,28,155271,65848,1095
28123,28,28124,63690,1033
28125,28,4321,2317,3
28127,28,26658,19742,193
28129,28,15916,17588,944
28131,28,18336,4766,65
28133,28,25110,23204,544
28135,28,13809,8806,201
28137,28,28321,18654,482
28139,28,22015,11197,1145
28141,28,19383,5817,57
28143,28,9632,7975,286
28145,28,28815,13528,666
28147,28,14286,13403,301
28149,28,45381,31045,1139
28151,28,43909,37874,868
28153,28,20183,30445,702
28155,28,9689,8441,597
28157,28,8630,9723,956
28159,28,17955,17727,387
28161,28,12108,12164,497
28163,28,29690,35228,466
0,29,0,930,143
29001,29,25343,6445,0
29003,29,17712,3340,18
29005,29,5143,402,0
29007,29,25388,8646,57
29009,29,35789,4437,0
29011,29,11754,1385,0
29013,29,16172,1218,106
29015,29,19443,1653,2
29017,29,12133,1378,0
29019,29,180463,31341,186
29021,29,87364,66624,324
29023,29,42478,6768,10
29025,29,9020,897,18
29027,29,44743,4524,114
29029,29,46305,6436,149
29031,29,78871,16246,240
29033,29,8679,1568,0
29035,29,5982,595,115
29037,29,105780,14202,777
29039,29,14349,1200,0
29041,29,7426,731,0
29043,29,88595,4908,27
29045,29,6797,152,0
29047,29,249948,30795,610
29049,29,20387,2443,0
29051,29,76745,8701,149
29053,29,17709,1626,0
29055,29,23920,1337,0
29057,29,7561,129,0
29059,29,16878,1007,35
29061,29,8278,668,0
29063,29,12547,973,11
29065,29,15573,254,0
29067,29,13185,668,12
29069,29,29131,7253,257
29071,29,103967,20522,1586
29073,29,14706,603,0
29075,29,6571,3705,453
29077,29,293086,27137,933
29079,29,9850,960,20
29081,29,8352,1514,12
29083,29,21824,1801,258
29085,29,9544,76,0
29087,29,4403,117,0
29089,29,10001,635,0
29091,29,40117,2678,0
29093,29,10125,280,0
29095,29,703011,287223,5101
29097,29,121328,37585,389
29099,29,225081,44894,1635
29101,29,54062,13960,18
29103,29,3959,116,0
29105,29,35723,3433,18
29107,29,32708,8406,174
29109,29,38355,2801,46
29111,29,9776,780,98
29113,29,59013,9741,112
29115,29,11920,1246,106
29117,29,15227,1064,0
29119,29,22837,27062,70
29121,29,15117,1043,0
29123,29,12088,463,0
29125,29,8697,367,0
29127,29,28530,1727,7
29129,29,3617,334,0
29131,29,25619,1318,0
29133,29,13180,5708,0
29135,29,16132,5292,88
29137,29,8644,300,0
29139,29,11551,1448,0
29141,29,20627,1415,0
29143,29,17076,3782,72
29145,29,58236,21748,150
29147,29,22092,1835,0
29149,29,10529,483,0
29151,29,13615,922,0
29153,29,9174,85,0
29155,29,15805,9266,443
29157,29,19136,10065,58
29159,29,42339,10222,99
29161,29,44573,1846,0
29163,29,18302,2761,78
29165,29,104418,10207,289
29167,29,32149,2013,0
29169,29,52607,8444,110
29171,29,4696,135,0
29173,29,10309,609,0
29175,29,24748,1371,12
29177,29,23018,2366,0
29179,29,6270,397,0
29181,29,13288,1376,0
29183,29,402022,106003,5970
29185,29,9397,360,0
29186,29,17894,1638,112
29187,29,67215,8628,188
29189,29,994205,578504,43786
29195,29,22761,26407,247
29197,29,4660,254,0
29199,29,4902,763,49
29201,29,38280,14302,843
29203,29,8166,954,0
29205,29,5930,285,0
29207,29,29025,9933,483
29209,29,31952,1391,7
29211,29,6089,6643,0
29213,29,55928,5657,217
29215,29,25398,429,0
29217,29,20563,1586,0
29219,29,35649,4246,0
29221,29,24730,1769,95
29223,29,12873,200,0
29225,29,39592,3126,36
29227,29,2013,332,0
29229,29,18289,2103,0
29510,29,300576,216432,12046
0,30,0,13,231
30001,30,9453,335,0
30003,30,13319,5734,183
30005,30,6681,66,0
30007,30,6237,616,0
30009,30,10725,1614,0
30011,30,1252,0,0
30013,30,81366,3311,201
30015,30,5635,24,0
30017,30,11402,1415,2
30019,30,1690,4,0
30021,30,8613,284,0
30023,30,9140,496,0
30025,30,2846,21,0
30027,30,11050,133,0
30029,30,103806,6419,202
30031,30,114434,28582,92
30033,30,1258,148,0
30035,30,13753,1387,5
30037,30,821,310,0
30039,30,3379,163,0
30041,30,16484,645,0
30043,30,12221,557,0
30045,30,2007,7,0
30047,30,30458,2694,5
30049,30,69432,3455,12
30051,30,2337,120,0
30053,30,19980,1523,105
30055,30,1664,9,0
30057,30,8600,1735,123
30059,30,1862,195,0
30061,30,4397,0,0
30063,30,119600,7716,104
30065,30,4633,120,0
30067,30,16606,1399,0
30069,30,487,0,0
30071,30,3954,0,0
30073,30,5911,265,0
30075,30,1682,6,0
30077,30,6890,0,0
30079,30,1077,0,0
30081,30,43806,2186,18
30083,30,10803,1154,0
30085,30,11004,786,0
30087,30,8937,503,33
30089,30,12113,79,0
30091,30,3309,48,0
30093,30,34915,1832,0
30095,30,9642,426,0
30097,30,3737,40,7
30099,30,6147,351,0
30101,30,4736,3339,662
30103,30,696,70,0
30105,30,7396,154,0
30107,30,2126,118,0
30109,30,969,15,0
30111,30,161300,23676,525
0,31,0,325,219
31001,31,31363,26583,833
31003,31,6298,844,35
31005,31,463,0,0
31007,31,745,76,0
31009,31,465,0,0
31011,31,5192,485,0
31013,31,10783,287,0
31015,31,1919,58,0
31017,31,2955,0,0
31019,31,49659,17128,120
31021,31,6459,934,0
31023,31,8016,3873,0
31025,31,26248,5350,32
31027,31,8402,999,0
31029,31,3924,93,0
31031,31,5689,167,0
31033,31,8910,1303,0
31035,31,6203,2281,0
31037,31,10709,52971,278
31039,31,8846,2797,0
31041,31,10777,3449,285
31043,31,20026,148143,2162
31045,31,8589,178,0
31047,31,23595,76314,586
31049,31,1794,15,0
31051,31,5636,3348,66
31053,31,36565,46805,366
31055,31,571327,486777,5718
31057,31,1693,1,0
31059,31,5462,960,0
31061,31,2979,629,0
31063,31,2627,117,0
31065,31,4676,777,49
31067,31,21513,5197,314
31069,31,1837,228,0
31071,31,1969,89,0
31073,31,1990,1258,0
31075,31,623,0,0
31077,31,2356,308,0
31079,31,61353,145923,3863
31081,31,9324,5815,966
31083,31,3380,36,0
31085,31,922,0,0
31087,31,2762,90,0
31089,31,10067,193,0
31091,31,682,68,0
31093,31,6445,3710,258
31095,31,7046,739,0
31097,31,5071,616,0
31099,31,6495,1228,0
31101,31,8034,323,0
31103,31,806,0,0
31105,31,3632,1074,0
31107,31,8332,1449,0
31109,31,319090,134673,811
31111,31,34914,5260,210
31113,31,748,0,0
31115,31,664,0,0
31117,31,494,62,0
31119,31,35099,29657,372
31121,31,7755,3179,0
31123,31,4642,2180,0
31125,31,3519,406,0
31127,31,6972,436,0
31129,31,4148,129,0
31131,31,16012,1394,0
31133,31,2613,37,0
31135,31,2891,76,1
31137,31,9034,1869,0
31139,31,7148,618,0
31141,31,33470,51790,152
31143,31,5213,1141,0
31145,31,10724,588,0
31147,31,7865,366,49
31149,31,1357,61,0
31151,31,14224,43816,137
31153,31,187196,80030,468
31155,31,21578,5206,125
31157,31,35618,14194,183
31159,31,17284,3102,91
31161,31,5246,236,0
31163,31,3001,360,0
31165,31,1166,187,0
31167,31,5920,1679,0
31169,31,5003,389,0
31171,31,722,84,0
31173,31,7224,7283,59
31175,31,4158,510,0
31177,31,20729,4509,91
31179,31,9385,1850,0
31181,31,3487,596,0
31183,31,783,4,0
31185,31,13679,3604,0
0,32,0,2208,1015
32001,32,24909,1310,100
32003,32,2266715,1267574,37864
32005,32,48905,5233,0
32007,32,52778,9934,124
32009,32,873,0,0
32011,32,2029,43,0
32013,32,16831,7572,361
32015,32,5532,2511,5
32017,32,5183,173,0
32019,32,57510,8691,114
32021,32,4505,483,0
32023,32,46523,10134,201
32027,32,6725,441,0
32029,32,4123,115,0
32031,32,471519,220729,6542
32033,32,9580,481,14
32510,32,55916,12746,398
0,33,0,1138,2
33001,33,61303,7108,100
33003,33,48910,5579,7
33005,33,76085,6220,224
33007,33,31563,643,0
33009,33,89886,8499,89
33011,33,417025,254330,16626
33013,33,151391,34740,1452
33015,33,309769,131834,6964
33017,33,130633,26226,1164
33019,33,43146,2466,60
0,34,0,135261,341
34001,34,263670,225641,15620
34003,34,932202,1994862,169815
34005,34,445349,460301,31833
34007,34,506471,644125,37185
34009,34,92039,61422,5482
34011,34,149527,223841,9100
34013,34,798975,1849385,175424
34015,34,291636,226225,14094
34017,34,672391,1901695,122290
34019,34,124371,98651,7593
34021,34,367430,678070,47041
34023,34,825062,1628346,105534
34025,34,618795,882200,64517
34027,34,491845,685694,65748
34029,34,607186,923530,76911
34031,34,501826,1656628,95982
34033,34,62385,61491,4795
34035,34,328934,475266,43485
34037,34,140488,119156,15730
34039,34,556341,1629200,109725
34041,34,105267,120068,13391
0,35,0,50834,43
35001,35,679121,197501,7437
35003,35,3527,233,95
35005,35,64615,8556,207
35006,35,26675,16649,858
35007,35,11941,732,35
35009,35,48954,11853,25
35011,35,1748,0,0
35013,35,218195,74454,598
35015,35,58460,6537,136
35017,35,26998,2388,9
35019,35,4300,1881,0
35021,35,625,97,0
35023,35,4198,2605,0
35025,35,71070,11424,16
35027,35,19572,1228,8
35028,35,19369,871,0
35029,35,23709,5198,159
35031,35,71367,256714,11981
35033,35,4521,70,0
35035,35,67490,3914,408
35037,35,8253,816,100
35039,35,38921,8251,69
35041,35,18500,4629,44
35043,35,146748,66335,2547
35045,35,123958,186022,12233
35047,35,27277,1632,0
35049,35,150358,22135,238
35051,35,10791,673,0
35053,35,16637,5633,407
35055,35,32723,3950,36
35057,35,15461,3399,83
35059,35,4059,629,0
35061,35,76688,11458,152
0,36,0,6980,13565
0,36,0,6980,13565
36001,36,305506,192612,9209
36003,36,46091,5641,222
36005,36,1418207,4843041,461276
36007,36,190488,61369,4710
36009,36,76117,10027,414
36011,36,76576,9660,209
36013,36,126903,10516,265
36015,36,83456,14631,319
36017,36,47207,14664,442
36019,36,80485,10113,420
36021,36,59461,39709,3881
36023,36,47581,4784,110
36025,36,44135,8758,314
36027,36,294218,412898,13385
36029,36,918702,633052,48132
36031,36,36885,4128,0
36033,36,50022,2769,12
36035,36,53383,19957,1940
36037,36,57280,21684,482
36039,36,47188,23444,1080
36041,36,4416,594,83
36043,36,61319,13448,365
36045,36,109834,8880,0
36047,36,2559903,6043612,688320
36049,36,26296,2220,507
36051,36,62914,12221,330
36053,36,70941,31856,837
36055,36,741770,317497,19853
36057,36,49221,10110,420
36059,36,1356924,4434651,219016
36061,36,1628706,2935126,296181
36063,36,209281,102880,6611
36065,36,228671,121494,6540
36067,36,460528,227493,11988
36069,36,109777,22001,1790
36071,36,384940,1100248,36966
36073,36,40352,22042,3738
36075,36,117124,14555,261
36077,36,59493,8470,411
36079,36,98320,130200,6150
36081,36,2253858,6742739,660094
36083,36,158714,50737,2671
36085,36,476143,1473985,101213
36087,36,325789,1441202,50481
36089,36,107740,22055,266
36091,36,229863,53634,1462
36093,36,155299,74279,3117
36095,36,30999,5464,186
36097,36,17807,1253,0
36099,36,34016,6161,109
36101,36,95379,26813,2724
36103,36,1476601,4282229,185371
36105,36,75432,134698,3102
36107,36,48203,13114,1586
36109,36,102180,18658,0
36111,36,177573,174690,6899
36113,36,63944,25055,2526
36115,36,61204,22610,1249
36117,36,89918,14474,189
36119,36,967506,3701369,138983
36121,36,39859,9153,543
36123,36,24913,3678,489
0,37,0,1792,0
37001,37,169509,73700,2286
37003,37,37497,7362,37
37005,37,11137,2526,0
37007,37,24446,10576,65
37009,37,27203,3985,49
37011,37,17557,1191,0
37013,37,46994,7640,5
37015,37,18947,12002,352
37017,37,32722,21838,237
37019,37,142820,34329,461
37021,37,261191,48085,2173
37023,37,90485,65543,1617
37025,37,216453,87716,2380
37027,37,82178,30375,298
37029,37,10867,1547,32
37031,37,69473,7575,320
37033,37,22604,9246,108
37035,37,159551,54552,761
37037,37,74470,72995,2997
37039,37,28612,4621,150
37041,37,13943,2461,0
37043,37,11231,1193,0
37045,37,97947,24398,398
37047,37,55508,39661,2674
37049,37,102139,25798,553
37051,37,335509,93944,2600
37053,37,27763,1874,0
37055,37,37009,4893,109
37057,37,167609,67408,1223
37059,37,42846,13773,270
37061,37,58741,96549,1762
37063,37,321488,256608,4851
37065,37,51472,25279,794
37067,37,382295,199006,2155
37069,37,69685,27577,2055
37071,37,224529,81602,986
37073,37,11562,2166,111
37075,37,8441,562,0
37077,37,60443,54656,1402
37079,37,21069,11939,180
37081,37,537174,199522,8067
37083,37,50010,23489,228
37085,37,135976,45527,2393
37087,37,62317,7169,0
37089,37,117417,52014,4114
37091,37,23677,11946,538
37093,37,55234,28548,198
37095,37,4937,941,0
37097,37,181806,55146,682
37099,37,43938,9123,108
37101,37,209339,98424,2462
37103,37,9419,2796,270
37105,37,61779,56113,469
37107,37,55949,26093,757
37109,37,86111,19483,52
37111,37,45756,15916,142
37113,37,35858,16172,53
37115,37,21755,785,0
37117,37,22440,9212,276
37119,37,1110356,776494,11009
37121,37,14964,2466,16
37123,37,27173,20479,541
37125,37,100880,33409,1026
37127,37,94298,33993,444
37129,37,234473,62803,559
37131,37,19483,16667,1192
37133,37,197938,22122,303
37135,37,148476,55312,3582
37137,37,12726,1879,15
37139,37,39824,14506,1078
37141,37,63060,17682,119
37143,37,13463,2871,173
37145,37,39490,7600,91
37147,37,180742,53179,379
37149,37,20724,5805,312
37151,37,143667,87796,1810
37153,37,44829,20756,430
37155,37,130625,94759,2115
37157,37,91010,15456,240
37159,37,142088,93435,3336
37161,37,67029,25342,671
37163,37,63531,65656,383
37165,37,34823,10307,54
37167,37,62806,24321,461
37169,37,45591,9076,44
37171,37,71783,30596,175
37173,37,14271,3357,39
37175,37,34385,2781,54
37177,37,4016,1788,18
37179,37,239859,92489,2046
37181,37,44535,36079,2524
37183,37,1111761,369943,4393
37185,37,19731,10315,260
37187,37,11580,4028,305
37189,37,56177,5936,0
37191,37,123131,136804,2113
37193,37,68412,44329,459
37195,37,81801,54342,1488
37197,37,37667,21590,309
37199,37,18069,2767,0
0,38,0,0,0
38001,38,2216,2,0
38003,38,10415,1278,0
38005,38,6832,711,10
38007,38,928,39,0
38009,38,6282,326,0
38011,38,3024,139,0
38013,38,2115,584,0
38015,38,95626,24571,23
38017,38,181923,172360,5001
38019,38,3762,491,0
38021,38,4872,252,0
38023,38,2264,123,0
38025,38,4424,1463,0
38027,38,2287,409,0
38029,38,3241,402,113
38031,38,3210,214,0
38033,38,1761,37,0
38035,38,69451,35692,295
38037,38,2274,246,0
38039,38,2231,165,0
38041,38,2499,91,0
38043,38,2480,154,0
38045,38,4046,603,0
38047,38,1850,19,0
38049,38,5745,402,121
38051,38,2497,301,5
38053,38,15024,2558,1
38055,38,9450,943,0
38057,38,8187,594,0
38059,38,31364,8295,240
38061,38,10545,5348,13
38063,38,2879,144,0
38065,38,1959,174,0
38067,38,6801,848,0
38069,38,3975,470,0
38071,38,11519,1159,72
38073,38,5218,1140,0
38075,38,2327,328,0
38077,38,16177,2927,0
38079,38,14176,716,0
38081,38,3898,439,0
38083,38,1315,102,0
38085,38,4230,1413,0
38087,38,750,344,0
38089,38,31489,7870,249
38091,38,1890,179,0
38093,38,20704,4137,60
38095,38,2189,73,0
38097,38,8036,1368,0
38099,38,10641,2578,0
38101,38,67641,5597,108
38103,38,3834,589,0
38105,38,37589,4617,14
0,39,0,69,0
39001,39,27698,1620,88
39003,39,102351,25584,3350
39005,39,53484,3946,76
39007,39,97241,33384,3334
39009,39,65327,6405,121
39011,39,45656,8224,348
39013,39,67006,41496,1599
39015,39,43432,3882,120
39017,39,383134,111526,3073
39019,39,26914,4467,248
39021,39,38885,3597,109
39023,39,134083,44449,644
39025,39,206428,29270,551
39027,39,41968,5960,53
39029,39,101883,85804,4970
39031,39,36600,6813,98
39033,39,41494,11165,347
39035,39,1235072,576579,27537
39037,39,51113,18861,2214
39039,39,38087,4399,210
39041,39,209177,45580,1176
39043,39,74266,19355,1406
39045,39,157574,42052,943
39047,39,28525,4074,0
39049,39,1316756,749928,28848
39051,39,42126,5172,0
39053,39,29898,1380,127
39055,39,93649,32052,3160
39057,39,168937,18535,680
39059,39,38875,4694,198
39061,39,817473,387805,15619
39063,39,75783,7351,120
39065,39,31365,7772,506
39067,39,15040,1004,39
39069,39,27006,2454,1
39071,39,43161,3498,85
39073,39,28264,6153,498
39075,39,43960,11295,251
39077,39,58266,12137,164
39079,39,32413,1831,0
39081,39,65325,8317,182
39083,39,62322,3976,127
39085,39,230149,40590,1482
39087,39,59463,5702,0
39089,39,176862,36022,1095
39091,39,45672,4765,29
39093,39,309833,84352,5795
39095,39,428348,243078,23986
39097,39,44731,15716,702
39099,39,228683,156679,18574
39101,39,65093,263546,2643
39103,39,179746,40883,2558
39105,39,22907,847,0
39107,39,41172,20828,619
39109,39,106987,39475,3261
39111,39,13654,6279,1063
39113,39,531687,128472,2242
39115,39,14508,768,0
39117,39,35328,10281,94
39119,39,86215,6161,57
39121,39,14424,806,0
39123,39,40525,12227,1436
39125,39,18672,1985,2
39127,39,36134,2829,85
39129,39,58457,207130,3326
39131,39,27772,1509,0
39133,39,162466,39218,5549
39135,39,40882,5480,118
39137,39,33861,10242,1308
39139,39,121154,24887,397
39141,39,76666,9692,209
39143,39,58518,10595,1104
39145,39,75314,3526,1
39147,39,55178,3299,196
39149,39,48590,5639,264
39151,39,370606,86145,9304
39153,39,541013,161859,15786
39155,39,197974,71054,5513
39157,39,91987,38635,568
39159,39,58988,6909,62
39161,39,28275,1949,19
39163,39,13085,1764,127
39165,39,234602,57413,1948
39167,39,59911,12931,1803
39169,39,115710,28784,4766
39171,39,36692,5862,145
39173,39,130817,34875,4361
39175,39,21772,4895,340
0,40,0,79,0
40001,40,22194,10996,390
40003,40,5702,111,0
40005,40,13758,1456,0
40007,40,5311,2435,0
40009,40,21859,1096,0
40011,40,9429,1021,0
40013,40,47995,8076,99
40015,40,28762,16005,971
40017,40,148306,26731,344
40019,40,48111,7634,126
40021,40,48657,6959,113
40023,40,14672,7152,57
40025,40,2137,99,0
40027,40,284014,84064,3949
40029,40,5495,583,0
40031,40,120749,33191,441
40033,40,5666,749,180
40035,40,14142,2055,0
40037,40,71522,14809,766
40039,40,29003,4592,0
40041,40,43009,15293,1561
40043,40,4891,312,0
40045,40,3859,56,0
40047,40,61056,6449,150
40049,40,27711,5492,136
40051,40,55834,13335,347
40053,40,4333,272,0
40055,40,5712,7318,735
40057,40,2653,99,0
40059,40,3688,123,0
40061,40,12627,914,0
40063,40,13279,844,12
40065,40,24530,6143,206
40067,40,6002,741,0
40069,40,11085,899,0
40071,40,43538,8878,775
40073,40,15765,2417,0
40075,40,8708,903,36
40077,40,10073,1137,116
40079,40,49853,3304,82
40081,40,34877,3096,173
40083,40,48011,4488,91
40085,40,10253,2276,0
40087,40,40474,14449,295
40089,40,32832,25040,410
40091,40,19596,3621,71
40093,40,7629,821,106
40095,40,16931,2039,0
40097,40,41100,7208,457
40099,40,14073,1243,0
40101,40,67997,10407,894
40103,40,11131,2536,34
40105,40,10076,3007,50
40107,40,11993,943,0
40109,40,797434,253795,6202
40111,40,38465,7197,0
40113,40,46963,14483,918
40115,40,31127,7844,173
40117,40,16376,5166,259
40119,40,81784,21406,115
40121,40,43654,5435,285
40123,40,38284,3739,195
40125,40,72592,10075,452
40127,40,11096,1195,0
40129,40,3583,63,0
40131,40,92459,17233,580
40133,40,24258,4013,272
40135,40,41569,3701,329
40137,40,43143,5563,119
40139,40,19983,76484,493
40141,40,7250,2171,78
40143,40,651552,250547,5956
40145,40,81289,24129,1797
40147,40,51527,36976,3335
40149,40,10916,382,0
40151,40,8793,548,0
40153,40,20211,885,0
0,41,0,0,1
41001,41,16124,387,0
41003,41,93053,7514,563
41005,41,418187,57119,1768
41007,41,40224,4237,0
41009,41,52354,2966,0
41011,41,64487,3703,0
41013,41,24404,932,20
41015,41,22925,716,0
41017,41,197692,17931,26
41019,41,110980,4389,14
41021,41,1912,46,0
41023,41,7199,138,0
41025,41,7393,145,0
41027,41,23382,5844,0
41029,41,220944,11329,0
41031,41,24658,7977,3
41033,41,87487,3831,109
41035,41,68238,8296,27
41037,41,7869,894,0
41039,41,382067,15248,288
41041,41,49962,16381,181
41043,41,129749,14418,947
41045,41,30571,13074,126
41047,41,347818,125769,3600
41049,41,11603,5740,39
41051,41,812855,178950,6434
41053,41,86085,12596,955
41055,41,1780,233,0
41057,41,27036,1062,0
41059,41,77950,42523,425
41061,41,26835,15163,52
41063,41,7208,628,11
41065,41,26682,5377,121
41067,41,601592,116135,1858
41069,41,1332,0,0
41071,41,107100,11340,860
0,42,0,2,0
42001,42,103009,27911,903
42003,42,1216045,293771,16289
42005,42,64735,7631,439
42007,42,163929,66306,7485
42009,42,47888,5810,242
42011,42,421164,414741,28355
42013,42,121829,6616,78
42015,42,60323,5107,272
42017,42,628270,515352,46484
42019,42,187853,30907,1153
42021,42,130192,7960,232
42023,42,4447,278,0
42025,42,64182,26375,2266
42027,42,162385,18785,550
42029,42,524989,301672,26154
42031,42,38438,3788,174
42033,42,79255,5537,0
42035,42,38632,6347,239
42037,42,64964,37906,2872
42039,42,84629,4792,21
42041,42,253370,70226,4945
42043,42,278299,153595,9087
42045,42,566747,651283,52932
42047,42,29910,1303,23
42049,42,269728,41083,694
42051,42,129274,13626,433
42053,42,7247,786,0
42055,42,155027,75982,3114
42057,42,14530,1421,77
42059,42,36233,4441,0
42061,42,45144,20352,242
42063,42,84073,11060,515
42065,42,43425,1926,47
42067,42,24763,10721,379
42069,42,209674,153783,16695
42071,42,545724,357937,28550
42073,42,85512,11879,864
42075,42,141793,113297,3298
42077,42,369318,405618,22754
42079,42,317417,291582,14834
42081,42,113299,17250,1354
42083,42,40625,1410,83
42085,42,109424,13441,474
42087,42,46138,6055,72
42089,42,170271,146956,9671
42091,42,830915,744686,66753
42093,42,18230,6844,62
42095,42,305285,317781,21313
42097,42,90843,23017,414
42099,42,46272,6683,335
42101,42,1584064,1968965,125941
42103,42,55809,50199,1920
42105,42,16526,1113,0
42107,42,141359,65145,3220
42109,42,40372,5591,155
42111,42,73447,5194,66
42113,42,6066,442,0
42115,42,40328,14315,1733
42117,42,40591,2305,181
42119,42,44923,7433,138
42121,42,50668,2042,0
42123,42,39191,538,27
42125,42,206865,24602,547
42127,42,51361,13394,699
42129,42,348899,65286,3592
42131,42,26794,3664,563
42133,42,449058,126860,3543
0,44,0,168638,19517
44001,44,48479,22138,556
44003,44,164292,104688,5471
44005,44,82082,26615,168
44007,44,638931,1097153,42476
44009,44,125577,49311,3694
0,45,0,6,3
45001,45,24527,8805,32
45003,45,170872,36991,930
45005,45,8688,5045,264
45007,45,202558,54341,1306
45009,45,14066,8938,92
45011,45,20866,7795,82
45013,45,192122,97042,1719
45015,45,227907,93112,2030
45017,45,14553,6803,126
45019,45,411406,300450,2980
45021,45,57300,12145,467
45023,45,32244,14655,149
45025,45,45650,26330,752
45027,45,33745,36973,3668
45029,45,37677,22542,1442
45031,45,66618,36875,1082
45033,45,30479,21935,618
45035,45,162809,63181,564
45037,45,27260,7629,241
45039,45,22347,22192,1448
45041,45,138293,96152,4141
45043,45,62680,32650,484
45045,45,523542,349206,7096
45047,45,70811,35666,394
45049,45,19222,6929,128
45051,45,354081,225091,4109
45053,45,30073,11469,233
45055,45,66551,54741,1515
45057,45,98012,33036,827
45059,45,67493,30728,654
45061,45,16828,23009,1679
45063,45,298750,148876,4089
45065,45,9463,2265,141
45067,45,30657,15287,584
45069,45,26118,20207,207
45071,45,38440,18251,263
45073,45,79546,18365,55
45075,45,86175,54825,1057
45077,45,126884,50770,469
45079,45,415759,273652,7259
45081,45,20473,17311,104
45083,45,319785,123063,3325
45085,45,106721,78373,2069
45087,45,27316,8098,7
45089,45,30368,30705,1158
45091,45,280979,92571,970
0,46,0,0,12
46003,46,2751,2242,0
46005,46,18453,31818,503
46007,46,3365,166,0
46009,46,6901,913,0
46011,46,35077,4460,0
46013,46,38839,25397,111
46015,46,5297,1239,0
46017,46,1962,4099,85
46019,46,10429,102,14
46021,46,1376,26,0
46023,46,9292,4209,0
46025,46,3736,831,0
46027,46,14070,4855,0
46029,46,28009,5097,0
46031,46,4086,1011,0
46033,46,8972,401,0
46035,46,19775,3030,0
46037,46,5424,1260,0
46039,46,4351,244,0
46041,46,5892,998,0
46043,46,2921,486,0
46045,46,3829,381,0
46047,46,6713,696,0
46049,46,2299,1192,34
46051,46,7052,1039,0
46053,46,4185,186,0
46055,46,1899,23,0
46057,46,6164,767,0
46059,46,3191,406,0
46061,46,3453,471,0
46063,46,1298,0,0
46065,46,17526,3543,38
46067,46,7291,935,0
46069,46,1301,208,0
46071,46,3344,358,40
46073,46,2013,2767,95
46075,46,903,21,0
46077,46,4939,332,0
46079,46,12797,1803,56
46081,46,25844,1594,0
46083,46,61128,28277,42
46085,46,3781,3605,26
46087,46,5586,950,102
46089,46,2379,287,0
46091,46,4935,342,0
46093,46,28332,2855,54
46095,46,2061,372,0
46097,46,2216,468,0
46099,46,193134,330512,4455
46101,46,6576,1781,0
46102,46,14177,5078,13
46103,46,113775,33209,974
46105,46,2865,56,0
46107,46,2153,6,0
46109,46,10394,3531,0
46111,46,2344,943,0
46115,46,6376,807,0
46117,46,3098,1010,0
46119,46,1391,59,0
46121,46,10177,3578,99
46123,46,5441,873,0
46125,46,8384,2436,0
46127,46,15932,9655,61
46129,46,5435,896,0
46135,46,22814,6151,38
46137,46,2756,139,0
0,47,0,68196,297
47001,47,76978,10645,180
47003,47,49713,39328,510
47005,47,16160,1292,97
47007,47,15064,59521,78
47009,47,133088,19930,382
47011,47,108110,42161,277
47013,47,39842,3937,105
47015,47,14678,3103,0
47017,47,27767,4157,111
47019,47,56391,5782,130
47021,47,40667,17081,83
47023,47,17297,3437,0
47025,47,31959,3398,0
47027,47,7615,1391,0
47029,47,36004,6615,13
47031,47,56520,10029,0
47033,47,14230,3380,193
47035,47,60520,15113,242
47037,47,694144,776312,8737
47039,47,11663,1987,0
47041,47,20490,5995,10
47043,47,53948,17368,2
47045,47,37159,14721,92
47047,47,41133,21011,272
47049,47,18523,1717,0
47051,47,42208,7648,202
47053,47,49133,11528,98
47055,47,29464,5411,63
47057,47,23320,2843,0
47059,47,69069,9097,249
47061,47,13427,4758,127
47063,47,64934,20065,342
47065,47,367804,170505,2474
47067,47,6620,751,0
47069,47,25050,25112,176
47071,47,25652,6831,330
47073,47,56786,6057,226
47075,47,17304,7010,208
47077,47,28117,4946,0
47079,47,32345,3707,7
47081,47,25178,7227,0
47083,47,8201,1282,0
47085,47,18582,2464,124
47087,47,11786,2797,0
47089,47,54495,9174,25
47091,47,17788,2560,0
47093,47,470313,88347,802
47095,47,7016,48751,0
47097,47,25633,9925,168
47099,47,44142,10329,213
47101,47,12268,713,4
47103,47,34366,5369,6
47105,47,54068,19735,79
47107,47,53794,18251,1257
47109,47,25694,5427,26
47111,47,24602,27359,444
47113,47,97984,24748,224
47115,47,28907,6352,241
47117,47,34375,6405,131
47119,47,96387,24074,141
47121,47,12422,2937,0
47123,47,46545,9434,351
47125,47,208993,46022,483
47127,47,6488,955,0
47129,47,21403,2191,43
47131,47,30069,7330,175
47133,47,22241,4190,28
47135,47,8076,2632,0
47137,47,5048,458,12
47139,47,16832,3240,0
47141,47,80245,60608,621
47143,47,33167,19429,7
47145,47,53382,4714,4
47147,47,71813,59988,636
47149,47,332285,202188,2774
47151,47,22068,1896,0
47153,47,15026,2537,0
47155,47,98250,40565,247
47157,47,937166,790263,14372
47159,47,20157,7960,126
47161,47,13715,1862,0
47163,47,158348,13716,260
47165,47,191283,132269,5101
47167,47,61599,49045,355
47169,47,11284,129032,411
47171,47,17883,3555,0
47173,47,19972,1518,0
47175,47,5872,626,0
47177,47,41277,6562,37
47179,47,129375,16302,2
47181,47,16673,6765,5
47183,47,33328,4713,37
47185,47,27345,5201,129
47187,47,238412,105083,1301
47189,47,144657,69754,1137
0,48,0,78,1
48001,48,57735,66536,128
48003,48,18705,6819,60
48005,48,86715,39979,548
48007,48,23510,2451,13
48009,48,8553,428,0
48011,48,1887,249,0
48013,48,51153,10399,191
48015,48,30032,5900,13
48017,48,7000,5081,45
48019,48,23112,1815,2
48021,48,88723,38073,511
48023,48,3509,75,0
48025,48,32565,6575,23
48027,48,362924,96274,848
48029,48,2003554,912923,11571
48031,48,11931,2433,62
48033,48,654,0,0
48035,48,18685,1950,3
48037,48,93245,31574,841
48039,48,374264,185364,1603
48041,48,229211,128363,2644
48043,48,9203,5244,31
48045,48,1546,298,19
48047,48,7093,1236,4
48049,48,37864,9626,896
48051,48,18443,6589,9
48053,48,48155,11171,183
48055,48,43664,26288,177
48057,48,21290,8905,199
48059,48,13943,1410,131
48061,48,423163,198516,5250
48063,48,13094,8284,76
48065,48,5926,582,0
48067,48,30026,4010,123
48069,48,7530,6163,118
48071,48,43837,23226,70
48073,48,52646,14683,181
48075,48,7306,504,0
48077,48,10471,777,2
48079,48,2853,253,0
48081,48,3387,430,36
48083,48,8175,308,0
48085,48,1034730,232696,3914
48087,48,2920,421,0
48089,48,21493,6764,3
48091,48,156209,40210,1310
48093,48,13635,1775,94
48095,48,2726,554,2
48097,48,41257,4222,6
48099,48,75951,29163,214
48101,48,1398,380,83
48103,48,4797,3186,125
48105,48,3464,1954,20
48107,48,5737,1304,123
48109,48,2171,265,20
48111,48,7287,5627,43
48113,48,2635516,1697468,28727
48115,48,12728,5321,119
48117,48,18546,22015,1014
48119,48,5331,400,0
48121,48,887207,228612,3475
48123,48,20160,8696,216
48125,48,2211,185,2
48127,48,10124,1390,0
48129,48,3278,3052,0
48131,48,11157,2868,2
48133,48,18360,1114,2
48135,48,166223,50871,934
48137,48,1932,302,0
48139,48,184826,71475,1555
48141,48,839238,469484,9487
48143,48,42698,8799,120
48145,48,17297,2508,2
48147,48,35514,7007,366
48149,48,25346,7888,235
48151,48,3830,551,68
48153,48,5712,2229,54
48155,48,1155,24,0
48157,48,811688,289881,4985
48159,48,10725,2799,20
48161,48,19717,3016,0
48163,48,20306,13052,22
48165,48,21492,1991,0
48167,48,342139,248862,4100
48169,48,6229,1623,19
48171,48,26988,3108,4
48173,48,1409,282,0
48175,48,7658,1547,7
48177,48,20837,19117,309
48179,48,21886,10168,188
48181,48,136212,41006,332
48183,48,123945,37762,793
48185,48,28880,29889,182
48187,48,166847,45347,175
48189,48,33406,27182,724
48191,48,2964,160,48
48193,48,8461,1729,68
48195,48,5399,2246,171
48197,48,3933,308,0
48199,48,57602,23343,479
48201,48,4713325,2319719,30871
48203,48,66553,27909,1769
48205,48,5576,2344,0
48207,48,5658,578,0
48209,48,230191,146281,647
48211,48,3819,745,0
48213,48,82737,13270,240
48215,48,868707,319720,5338
48217,48,36649,6806,104
48219,48,23021,5213,151
48221,48,61643,7986,383
48223,48,37084,4682,1
48225,48,22968,10915,8
48227,48,36664,3084,124
48229,48,4886,808,4
48231,48,98594,29748,521
48233,48,20938,4730,14
48235,48,1536,134,0
48237,48,8935,768,0
48239,48,14760,4639,80
48241,48,35529,4873,102
48243,48,2274,166,0
48245,48,251565,157282,3193
48247,48,5200,1290,2
48249,48,40482,10704,6
48251,48,175817,36958,463
48253,48,20083,39158,0
48255,48,15601,3683,6
48257,48,136154,46601,302
48259,48,47431,5335,2
48261,48,404,64,0
48263,48,762,26,0
48265,48,52600,7141,60
48267,48,4337,329,0
48269,48,272,0,0
48271,48,3667,201,0
48273,48,30680,6812,116
48275,48,3664,513,0
48277,48,49859,21088,918
48279,48,12893,3919,34
48281,48,21428,1872,2
48283,48,7520,4863,2
48285,48,20154,11747,114
48287,48,17239,4401,168
48289,48,17404,3388,4
48291,48,88219,23362,289
48293,48,23437,4822,121
48295,48,3233,619,0
48297,48,12207,2843,12
48299,48,21795,1612,0
48301,48,169,0,0
48303,48,310569,170188,5397
48305,48,5951,2246,124
48307,48,7984,1033,0
48309,48,256623,90330,869
48311,48,743,60,0
48313,48,14284,5434,0
48315,48,9854,3050,102
48317,48,5771,1109,87
48319,48,4274,2954,0
48321,48,36643,17543,548
48323,48,58722,33304,396
48325,48,51584,19608,290
48327,48,2138,393,0
48329,48,176832,45017,1377
48331,48,24823,7491,113
48333,48,4873,231,0
48335,48,8545,829,0
48337,48,19818,1587,99
48339,48,607391,183137,2954
48341,48,20940,70409,1091
48343,48,12388,3048,2
48345,48,1200,138,0
48347,48,65204,36616,2119
48349,48,50113,18439,430
48351,48,13595,1178,8
48353,48,14714,2509,17
48355,48,362294,207273,1555
48357,48,9836,4483,173
48359,48,2112,502,123
48361,48,83396,23750,315
48363,48,29189,3064,195
48365,48,23194,18116,1433
48367,48,142878,23014,85
48369,48,9605,11786,239
48371,48,15823,8577,22
48373,48,51353,14127,22
48375,48,117415,224590,2879
48377,48,6704,955,0
48379,48,12514,912,16
48381,48,137713,73034,647
48383,48,3849,1034,24
48385,48,3452,566,0
48387,48,12023,7094,619
48389,48,15976,2670,23
48391,48,6948,2242,0
48393,48,854,312,0
48395,48,17074,4367,2
48397,48,104915,25493,897
48399,48,10264,1139,1
48401,48,54406,14038,217
48403,48,10542,1546,66
48405,48,8237,6799,443
48407,48,28859,3896,41
48409,48,66730,13177,28
48411,48,6055,366,0
48413,48,2793,921,21
48415,48,16703,8156,22
48417,48,3265,327,0
48419,48,25274,22380,767
48421,48,3022,2559,0
48423,48,232751,58676,510
48425,48,9128,866,0
48427,48,64633,38075,328
48429,48,9366,660,4
48431,48,1291,0,0
48433,48,1350,44,0
48435,48,3776,850,2
48437,48,7397,2794,55
48439,48,2102515,923910,18147
48441,48,138034,39070,613
48443,48,776,66,0
48445,48,12337,2617,4
48447,48,1501,41,0
48449,48,32750,48552,284
48451,48,119200,33160,241
48453,48,1273954,685880,10819
48455,48,14651,3352,4
48457,48,21672,2193,0
48459,48,41753,5009,6
48461,48,3657,296,2
48463,48,26741,8734,66
48465,48,49025,16591,139
48467,48,56590,8193,122
48469,48,92084,67028,854
48471,48,72971,139737,2144
48473,48,55246,12114,12
48475,48,11998,1602,11
48477,48,35882,24077,2499
48479,48,276652,134945,2779
48481,48,41556,15481,100
48483,48,5056,1568,0
48485,48,132230,26172,302
48487,48,12769,950,2
48489,48,21358,13388,252
48491,48,590551,162233,3180
48493,48,51070,10438,473
48495,48,8010,1628,2
48497,48,69984,8831,329
48499,48,45539,6845,287
48501,48,8713,1724,7
48503,48,18010,2373,109
48505,48,14179,3603,13
48507,48,11840,2737,6
0,49,0,1506,402
49001,49,6710,469,0
49003,49,56046,10236,109
49005,49,128289,78401,108
49007,49,20463,1320,0
49009,49,950,0,0
49011,49,355481,96631,424
49013,49,19938,1568,0
49015,49,10012,796,0
49017,49,5051,976,42
49019,49,9754,1322,0
49021,49,54839,17988,140
49023,49,12017,1804,0
49025,49,7886,1024,0
49027,49,13188,3015,0
49029,49,12124,1906,0
49031,49,1479,203,0
49033,49,2483,173,0
49035,49,1160437,820273,8573
49037,49,15308,31063,729
49039,49,30939,3178,0
49041,49,21620,2813,9
49043,49,42145,52779,26
49045,49,72259,19800,0
49047,49,35734,2344,0
49049,49,636235,303529,1849
49051,49,34091,33526,224
49053,49,177556,76122,302
49055,49,2711,3,0
49057,49,260213,74514,911
0,50,0,818,67
50001,50,36777,7547,210
50003,50,35470,7092,116
50005,50,29993,1882,0
50007,50,163774,60092,4071
50009,50,6163,316,0
50011,50,49402,11333,576
50013,50,7235,793,0
50015,50,25362,3499,113
50017,50,28892,1019,0
50019,50,27037,1343,0
50021,50,58191,6721,104
50023,50,58409,4512,104
50025,50,42222,9384,307
50027,50,55062,5962,245
0,51,0,0,0
51001,51,32316,80510,1121
51003,51,109330,30769,746
51005,51,14860,2589,136
51007,51,13145,3552,120
51009,51,31605,3223,0
51011,51,15911,3397,0
51013,51,236842,208307,10337
51015,51,75558,13535,159
51017,51,4147,41,0
51019,51,78997,9296,209
51021,51,6280,139,0
51023,51,33419,7569,403
51025,51,16231,6651,75
51027,51,21004,2652,0
51029,51,17148,42859,303
51031,51,54885,3500,76
51033,51,30725,9015,272
51035,51,29791,13877,415
51036,51,6963,3123,195
51037,51,11880,2530,0
51041,51,352802,199329,4088
51043,51,14619,3551,0
51045,51,5131,632,0
51047,51,52605,61658,769
51049,51,9932,3929,0
51051,51,14318,250,0
51053,51,28544,9327,52
51057,51,10953,4424,4
51059,51,1147532,1075153,36952
51061,51,71222,33479,566
51063,51,15749,1110,55
51065,51,27270,10744,645
51067,51,56042,5995,76
51069,51,89313,37467,391
51071,51,16720,940,0
51073,51,37348,4906,105
51075,51,23753,11125,567
51077,51,15550,5314,139
51079,51,19819,4751,124
51081,51,11336,21737,738
51083,51,33911,4671,56
51085,51,107766,33701,2217
51087,51,330818,204345,13975
51089,51,50557,17842,298
51091,51,2190,235,0
51093,51,37109,16736,573
51095,51,76523,27981,1636
51097,51,7025,1710,62
51099,51,26836,7552,401
51101,51,17148,3208,42
51103,51,10603,1076,0
51105,51,23423,1646,0
51107,51,413538,286026,6557
51109,51,37591,9762,90
51111,51,12196,2111,0
51113,51,13261,3660,86
51115,51,8834,613,0
51117,51,30587,20932,2085
51119,51,10582,1349,9
51121,51,98535,11636,165
51125,51,14930,1775,0
51127,51,23091,4931,110
51131,51,11710,21613,1884
51133,51,12095,2798,83
51135,51,15232,6629,146
51137,51,37051,11038,146
51139,51,23902,21731,1814
51141,51,17608,2923,49
51143,51,60354,8466,145
51145,51,29652,5300,98
51147,51,22802,14661,337
51149,51,38353,15545,53
51153,51,470335,551678,10547
51155,51,34027,3016,87
51157,51,7370,1735,21
51159,51,9023,25341,326
51161,51,94186,17118,389
51163,51,22573,2278,0
51165,51,81948,55873,732
51167,51,26586,1249,5
51169,51,21566,1119,189
51171,51,43616,43125,2114
51173,51,30104,3066,40
51175,51,17631,15082,417
51177,51,136215,67246,1576
51179,51,152882,74881,448
51181,51,6422,1293,105
51183,51,11159,14599,283
51185,51,40595,1644,0
51187,51,40164,19714,353
51191,51,53740,6565,401
51193,51,18015,8786,95
51195,51,37383,3170,198
51197,51,28684,3784,131
51199,51,68280,11028,292
51510,51,159428,188967,4282
51520,51,16762,745,0
51530,51,6478,1500,0
51540,51,47266,17043,379
51550,51,244835,77962,1572
51570,51,17370,10898,1347
51580,51,5538,355,0
51590,51,40044,8448,176
51595,51,5346,9243,748
51600,51,24019,5790,492
51610,51,14617,4622,569
51620,51,7967,4767,186
51630,51,29036,17510,11
51640,51,6347,16078,675
51650,51,134510,31113,368
51660,51,53016,78734,2173
51670,51,22529,12162,176
51678,51,7446,1047,0
51680,51,82168,12539,111
51683,51,41085,101797,1126
51685,51,17478,30692,446
51690,51,12554,5383,71
51700,51,179225,46425,1067
51710,51,242742,84953,895
51720,51,3981,311,0
51730,51,31346,17698,406
51735,51,12271,1430,0
51740,51,94398,44188,1315
51750,51,18249,937,0
51760,51,230436,153509,2571
51770,51,99143,29150,697
51775,51,25301,5269,204
51790,51,24932,5650,0
51800,51,92108,38679,2953
51810,51,449974,115000,2541
51820,51,22630,6356,20
51830,51,14954,5646,446
51840,51,28078,21624,203
0,53,0,24691,29
53001,53,19983,12724,5
53003,53,22582,2029,168
53005,53,204390,135983,7309
53007,53,77200,33461,671
53009,53,77331,3668,0
53011,53,488241,68929,2783
53013,53,3985,428,0
53015,53,110593,14834,33
53017,53,43429,22816,288
53019,53,7627,218,0
53021,53,95222,119209,2492
53023,53,2225,32,0
53025,53,97733,42696,548
53027,53,75061,2838,22
53029,53,85141,22095,1196
53031,53,32221,4093,0
53033,53,2252782,1003461,62659
53035,53,271473,24324,214
53037,53,47935,11176,60
53039,53,22425,4683,331
53041,53,80707,6020,324
53043,53,10939,343,0
53045,53,66768,4798,94
53047,53,42243,11874,136
53049,53,22471,1213,79
53051,53,13724,663,0
53053,53,904980,244879,8602
53055,53,17582,1934,0
53057,53,129205,52061,1585
53059,53,12083,1084,8
53061,53,822083,365891,16334
53063,53,522798,113793,3665
53065,53,45723,1947,106
53067,53,290536,23554,370
53069,53,4488,426,0
53071,53,60760,14915,209
53073,53,229247,54187,3985
53075,53,50104,3053,0
53077,53,250873,492731,11914
0,54,0,0,2
54001,54,16441,1254,98
54003,54,119171,36748,715
54005,54,21457,2035,0
54007,54,13957,320,0
54009,54,21939,1178,2
54011,54,91945,10693,20
54013,54,7109,201,0
54015,54,8508,684,36
54017,54,8448,7,0
54019,54,42406,5436,284
54021,54,7823,916,0
54023,54,11568,1337,0
54025,54,34662,3298,81
54027,54,23175,2984,101
54029,54,28810,2683,0
54031,54,13776,3401,0
54033,54,67256,6709,114
54035,54,28576,14447,1694
54037,54,57146,18708,254
54039,54,178124,30315,1631
54041,54,15907,1179,104
54043,54,20409,883,0
54045,54,32019,2604,109
54047,54,17624,783,0
54049,54,56072,7348,228
54051,54,30531,4004,0
54053,54,26516,1919,6
54055,54,58758,3045,0
54057,54,26868,4675,151
54059,54,23424,1831,152
54061,54,105612,26353,490
54063,54,13275,977,0
54065,54,17884,1873,0
54067,54,24496,1055,79
54069,54,41411,8113,141
54071,54,6969,1158,54
54073,54,7460,410,0
54075,54,8247,1946,0
54077,54,33432,4855,123
54079,54,56450,5351,0
54081,54,73361,3910,0
54083,54,28695,10485,0
54085,54,9554,148,0
54087,54,13688,965,55
54089,54,12573,153,0
54091,54,16695,1432,0
54093,54,6839,600,0
54095,54,8591,494,0
54097,54,24176,1374,0
54099,54,39402,11426,858
54101,54,8114,49,0
54103,54,15065,1421,0
54105,54,5821,443,0
54107,54,83518,8934,218
54109,54,20394,474,2
0,55,0,1,0
55001,55,20220,1693,149
55003,55,15562,425,0
55005,55,45244,3040,39
55007,55,15036,557,102
55009,55,264542,239182,3154
55011,55,13031,979,169
55013,55,15414,231,76
55015,55,50089,8923,129
55017,55,64658,7772,0
55019,55,34774,6056,484
55021,55,57532,7495,113
55023,55,16131,2778,0
55025,55,546695,146737,3032
55027,55,87839,31233,319
55029,55,27668,4034,285
55031,55,43150,3066,0
55033,55,45368,3416,0
55035,55,104646,17226,54
55037,55,4295,306,0
55039,55,103403,25201,543
55041,55,9004,2633,169
55043,55,51439,12352,1082
55045,55,36960,6892,45
55047,55,18913,2294,0
55049,55,23678,2378,0
55051,55,5687,867,124
55053,55,20643,2306,106
55055,55,84769,18401,279
55057,55,26687,3510,106
55059,55,169561,124599,3113
55061,55,20434,4558,107
55063,55,118016,24887,11
55065,55,16665,4286,0
55067,55,19189,586,21
55069,55,27593,1141,0
55071,55,78981,7319,93
55073,55,135692,13287,134
55075,55,40350,5769,234
55077,55,15574,1751,102
55078,55,4556,502,0
55079,55,945726,917866,32670
55081,55,46253,5578,92
55083,55,37930,5151,0
55085,55,35595,1925,0
55087,55,187885,35791,703
55089,55,89221,21713,1436
55091,55,7287,528,0
55093,55,42754,5729,0
55095,55,43783,3538,92
55097,55,70772,9603,0
55099,55,13351,385,0
55101,55,196311,165384,4286
55103,55,17252,1543,339
55105,55,163354,68876,1849
55107,55,14178,813,22
55109,55,90687,13514,58
55111,55,64442,11219,349
55113,55,16558,947,0
55115,55,40899,5865,0
55117,55,115340,17307,365
55119,55,20343,894,0
55121,55,29649,7922,10
55123,55,30822,2269,0
55125,55,22195,1012,0
55127,55,103868,48685,1497
55129,55,15720,341,0
55131,55,136034,31182,1075
55133,55,404198,106060,3198
55135,55,50990,8602,514
55137,55,24443,2044,0
55139,55,171907,42952,737
55141,55,72999,4262,67
0,56,0,0,0
56001,56,38880,2926,0
56003,56,11790,1217,0
56005,56,46341,4750,8
56007,56,14800,2086,72
56009,56,13822,2310,0
56011,56,7584,650,0
56013,56,39261,28833,713
56015,56,13211,633,0
56017,56,4413,907,0
56019,56,8445,1902,107
56021,56,99500,22432,198
56023,56,19830,2395,0
56025,56,79858,10145,62
56027,56,2356,182,0
56029,56,29194,2753,0
56031,56,8393,170,0
56033,56,30485,2399,0
56035,56,9831,586,0
56037,56,42343,6650,28
56039,56,23464,12839,98
56041,56,20226,8991,0
56043,56,7805,2965,276
56045,56,6927,115,0
