,,0
population,population,1.0
AGE_65_74,AGE_65_74,1.0
AGE_45_54,AGE_45_54,1.0
AGE_35_44,AGE_35_44,1.0
AGE_25_34,AGE_25_34,1.0
AGE_20_24,AGE_20_24,1.0
AGE_15_19,AGE_15_19,1.0
AGE_10_14,AGE_10_14,1.0
AGE_5_9,AGE_5_9,1.0
AGE_UNDER5,AGE_UNDER5,1.0
FEMALES,FEMALES,1.0
MALES,MALES,1.0
MULT_RACE,MULT_RACE,1.0
OTHER,OTHER,1.0
HISPANIC,HISPANIC,1.0
HAWN_PI,HAWN_PI,1.0
ASIAN,ASIAN,1.0
AMERI_ES,AMERI_ES,1.0
BLACK,BLACK,1.0
WHITE,WHITE,1.0
POP13_SQMI,POP13_SQMI,1.0
AGE_55_64,AGE_55_64,1.0
AGE_75_84,AGE_75_84,1.0
covid_cases,covid_cases,1.0
AGE_85_UP,AGE_85_UP,1.0
HIV/AIDS,HIV/AIDS,1.0
CVD,CVD,1.0
Diabetes,Diabetes,1.0
Hypertension,Hypertension,1.0
Prevalence of obesity,Prevalence of obesity,1.0
RENTER_OCC,RENTER_OCC,1.0
OWNER_OCC,OWNER_OCC,1.0
VACANT,VACANT,1.0
HSE_UNITS,HSE_UNITS,1.0
AVE_FAM_SZ,AVE_FAM_SZ,1.0
FAMILIES,FAMILIES,1.0
FHH_CHILD,FHH_CHILD,1.0
MHH_CHILD,MHH_CHILD,1.0
MARHH_NO_C,MARHH_NO_C,1.0
MARHH_CHD,MARHH_CHD,1.0
HSEHLD_1_F,HSEHLD_1_F,1.0
HSEHLD_1_M,HSEHLD_1_M,1.0
AVE_HH_SZ,AVE_HH_SZ,1.0
HOUSEHOLDS,HOUSEHOLDS,1.0
covid_deaths,covid_deaths,1.0
people_vaccinated,people_vaccinated,1.0
MULT_RACE,HAWN_PI,0.9586705733177436
HAWN_PI,MULT_RACE,0.9586705733177436
OTHER,HISPANIC,0.9474210202330144
HISPANIC,OTHER,0.9474210202330144
AGE_10_14,AGE_5_9,0.9295792158122067
AGE_5_9,AGE_10_14,0.9295792158122067
ASIAN,MULT_RACE,0.9270015160969628
MULT_RACE,ASIAN,0.9270015160969628
MARHH_NO_C,OWNER_OCC,0.9175148588698244
OWNER_OCC,MARHH_NO_C,0.9175148588698244
covid_deaths,covid_cases,0.916429311388406
covid_cases,covid_deaths,0.916429311388406
ASIAN,HAWN_PI,0.916136217638019
HAWN_PI,ASIAN,0.916136217638019
HOUSEHOLDS,HSE_UNITS,0.9135538197128892
HSE_UNITS,HOUSEHOLDS,0.9135538197128892
AGE_UNDER5,AGE_5_9,0.9029185947621844
AGE_5_9,AGE_UNDER5,0.9029185947621844
AGE_75_84,AGE_85_UP,0.8880194703460474
AGE_85_UP,AGE_75_84,0.8880194703460474
FAMILIES,OWNER_OCC,0.880334921571919
OWNER_OCC,FAMILIES,0.880334921571919
AVE_FAM_SZ,AVE_HH_SZ,0.8739223162609999
AVE_HH_SZ,AVE_FAM_SZ,0.8739223162609999
AGE_55_64,AGE_45_54,0.8618755632192612
AGE_45_54,AGE_55_64,0.8618755632192612
AGE_65_74,AGE_75_84,0.8600606831726684
AGE_75_84,AGE_65_74,0.8600606831726684
MARHH_CHD,AGE_10_14,0.8452184282815398
AGE_10_14,MARHH_CHD,0.8452184282815398
HSE_UNITS,AGE_55_64,0.8434462246226453
AGE_55_64,HSE_UNITS,0.8434462246226453
FAMILIES,MARHH_NO_C,0.838398599845551
MARHH_NO_C,FAMILIES,0.838398599845551
AVE_HH_SZ,HSEHLD_1_M,-0.8341126023897335
HSEHLD_1_M,AVE_HH_SZ,-0.8341126023897335
CVD,Hypertension,0.8316601905639016
Hypertension,CVD,0.8316601905639016
FHH_CHILD,BLACK,0.8265232909762675
BLACK,FHH_CHILD,0.8265232909762675
MARHH_NO_C,WHITE,0.8258302443079479
WHITE,MARHH_NO_C,0.8258302443079479
AGE_45_54,FEMALES,0.8209992227032779
FEMALES,AGE_45_54,0.8209992227032779
HOUSEHOLDS,AGE_55_64,0.819734827048566
AGE_55_64,HOUSEHOLDS,0.819734827048566
FEMALES,MALES,0.8175759769878087
MALES,FEMALES,0.8175759769878087
AGE_45_54,MALES,0.812066437320619
MALES,AGE_45_54,0.812066437320619
FAMILIES,MALES,0.8118837058980793
MALES,FAMILIES,0.8118837058980793
POP13_SQMI,RENTER_OCC,0.8045702389534893
RENTER_OCC,POP13_SQMI,0.8045702389534893
AGE_65_74,AGE_55_64,0.8032667600261878
AGE_55_64,AGE_65_74,0.8032667600261878
AGE_5_9,MARHH_CHD,0.8031188016920224
MARHH_CHD,AGE_5_9,0.8031188016920224
Prevalence of obesity,Diabetes,0.8029035255645236
Diabetes,Prevalence of obesity,0.8029035255645236
AGE_55_64,MARHH_NO_C,0.7984787425069401
MARHH_NO_C,AGE_55_64,0.7984787425069401
HOUSEHOLDS,HSEHLD_1_F,0.7951227362266254
HSEHLD_1_F,HOUSEHOLDS,0.7951227362266254
HSEHLD_1_F,AVE_HH_SZ,-0.7946964707879824
AVE_HH_SZ,HSEHLD_1_F,-0.7946964707879824
HSEHLD_1_M,HSEHLD_1_F,0.7945949275692011
HSEHLD_1_F,HSEHLD_1_M,0.7945949275692011
HIV/AIDS,Hypertension,0.7900827388972421
Hypertension,HIV/AIDS,0.7900827388972421
OWNER_OCC,HSE_UNITS,0.7805939155661007
HSE_UNITS,OWNER_OCC,0.7805939155661007
OWNER_OCC,HOUSEHOLDS,0.7802957343919307
HOUSEHOLDS,OWNER_OCC,0.7802957343919307
FEMALES,FAMILIES,0.7771468733723683
FAMILIES,FEMALES,0.7771468733723683
AGE_55_64,FAMILIES,0.768881903272679
FAMILIES,AGE_55_64,0.768881903272679
FAMILIES,AGE_45_54,0.7682094426481114
AGE_45_54,FAMILIES,0.7682094426481114
WHITE,OWNER_OCC,0.7679207783017029
OWNER_OCC,WHITE,0.7679207783017029
AGE_55_64,MALES,0.7591162995384272
MALES,AGE_55_64,0.7591162995384272
AGE_55_64,OWNER_OCC,0.7514294094948198
OWNER_OCC,AGE_55_64,0.7514294094948198
MARHH_NO_C,HSE_UNITS,0.7473834979786104
HSE_UNITS,MARHH_NO_C,0.7473834979786104
HSE_UNITS,VACANT,0.7448978763934658
VACANT,HSE_UNITS,0.7448978763934658
HSE_UNITS,AGE_65_74,0.7440026562478623
AGE_65_74,HSE_UNITS,0.7440026562478623
FEMALES,HOUSEHOLDS,0.7428483786228225
HOUSEHOLDS,FEMALES,0.7428483786228225
AGE_45_54,HOUSEHOLDS,0.7407279773578682
HOUSEHOLDS,AGE_45_54,0.7407279773578682
HOUSEHOLDS,HSEHLD_1_M,0.7330282698114475
HSEHLD_1_M,HOUSEHOLDS,0.7330282698114475
AGE_15_19,FEMALES,0.7292405474570467
FEMALES,AGE_15_19,0.7292405474570467
HOUSEHOLDS,AVE_FAM_SZ,-0.7287855945673735
AVE_FAM_SZ,HOUSEHOLDS,-0.7287855945673735
FEMALES,AGE_55_64,0.7281191218633528
AGE_55_64,FEMALES,0.7281191218633528
MARHH_NO_C,AGE_65_74,0.7272448056981432
AGE_65_74,MARHH_NO_C,0.7272448056981432
HOUSEHOLDS,MARHH_NO_C,0.7271423194513381
MARHH_NO_C,HOUSEHOLDS,0.7271423194513381
AGE_15_19,AGE_10_14,0.7205572949541669
AGE_10_14,AGE_15_19,0.7205572949541669
HSE_UNITS,AVE_FAM_SZ,-0.7148528527858559
AVE_FAM_SZ,HSE_UNITS,-0.7148528527858559
MALES,AGE_15_19,0.7137382199448912
AGE_15_19,MALES,0.7137382199448912
AGE_10_14,AGE_UNDER5,0.7101206858035009
AGE_UNDER5,AGE_10_14,0.7101206858035009
AGE_65_74,FAMILIES,0.7050251425431328
FAMILIES,AGE_65_74,0.7050251425431328
HSE_UNITS,AGE_45_54,0.7009966946954655
AGE_45_54,HSE_UNITS,0.7009966946954655
AGE_65_74,OWNER_OCC,0.7008015108308666
OWNER_OCC,AGE_65_74,0.7008015108308666
MARHH_NO_C,AGE_75_84,0.6965284749114433
AGE_75_84,MARHH_NO_C,0.6965284749114433
AGE_20_24,AGE_25_34,0.6945574024235952
AGE_25_34,AGE_20_24,0.6945574024235952
AGE_75_84,AGE_55_64,0.6937611612508332
AGE_55_64,AGE_75_84,0.6937611612508332
AVE_HH_SZ,HOUSEHOLDS,-0.6936238780952341
HOUSEHOLDS,AVE_HH_SZ,-0.6936238780952341
AGE_65_74,HOUSEHOLDS,0.6934669403767382
HOUSEHOLDS,AGE_65_74,0.6934669403767382
AGE_75_84,HOUSEHOLDS,0.6885050583534039
HOUSEHOLDS,AGE_75_84,0.6885050583534039
HOUSEHOLDS,FAMILIES,0.6851722110397529
FAMILIES,HOUSEHOLDS,0.6851722110397529
AGE_35_44,FEMALES,0.6848669934767209
FEMALES,AGE_35_44,0.6848669934767209
MARHH_CHD,POP13_SQMI,-0.6809262813356036
POP13_SQMI,MARHH_CHD,-0.6809262813356036
Prevalence of obesity,FAMILIES,0.6805325158433485
FAMILIES,Prevalence of obesity,0.6805325158433485
AVE_FAM_SZ,MARHH_NO_C,-0.679183322932579
MARHH_NO_C,AVE_FAM_SZ,-0.679183322932579
FHH_CHILD,Diabetes,0.6762197590500376
Diabetes,FHH_CHILD,0.6762197590500376
AGE_45_54,OWNER_OCC,0.6740406064676718
OWNER_OCC,AGE_45_54,0.6740406064676718
AGE_25_34,POP13_SQMI,0.6719569001760866
POP13_SQMI,AGE_25_34,0.6719569001760866
HIV/AIDS,CVD,0.6688388756518668
CVD,HIV/AIDS,0.6688388756518668
AGE_5_9,AVE_HH_SZ,0.6638536633309987
AVE_HH_SZ,AGE_5_9,0.6638536633309987
AGE_45_54,AGE_35_44,0.6635835349765045
AGE_35_44,AGE_45_54,0.6635835349765045
HSEHLD_1_F,HSE_UNITS,0.6633840651627789
HSE_UNITS,HSEHLD_1_F,0.6633840651627789
HSE_UNITS,HSEHLD_1_M,0.6604299082007022
HSEHLD_1_M,HSE_UNITS,0.6604299082007022
MARHH_NO_C,AGE_45_54,0.6556279706006581
AGE_45_54,MARHH_NO_C,0.6556279706006581
Prevalence of obesity,OWNER_OCC,0.6461186003645077
OWNER_OCC,Prevalence of obesity,0.6461186003645077
HOUSEHOLDS,MALES,0.6443500331967131
MALES,HOUSEHOLDS,0.6443500331967131
HSE_UNITS,FAMILIES,0.6403655596105772
FAMILIES,HSE_UNITS,0.6403655596105772
HSE_UNITS,AVE_HH_SZ,-0.639916906639065
AVE_HH_SZ,HSE_UNITS,-0.639916906639065
AGE_75_84,FEMALES,0.6393717108043471
FEMALES,AGE_75_84,0.6393717108043471
OWNER_OCC,MALES,0.6369549033907992
MALES,OWNER_OCC,0.6369549033907992
Diabetes,AGE_65_74,0.6339330604659082
AGE_65_74,Diabetes,0.6339330604659082
OWNER_OCC,AGE_75_84,0.6334619324693196
AGE_75_84,OWNER_OCC,0.6334619324693196
AGE_75_84,HSE_UNITS,0.6333480229202134
HSE_UNITS,AGE_75_84,0.6333480229202134
WHITE,FAMILIES,0.6330581094709
FAMILIES,WHITE,0.6330581094709
AGE_25_34,MARHH_NO_C,-0.6330098967467139
MARHH_NO_C,AGE_25_34,-0.6330098967467139
AMERI_ES,CVD,-0.6326748048090702
CVD,AMERI_ES,-0.6326748048090702
AGE_10_14,POP13_SQMI,-0.6302395395029569
POP13_SQMI,AGE_10_14,-0.6302395395029569
AGE_55_64,AVE_FAM_SZ,-0.6297997692532934
AVE_FAM_SZ,AGE_55_64,-0.6297997692532934
MARHH_NO_C,MALES,0.6259109215630304
MALES,MARHH_NO_C,0.6259109215630304
AGE_65_74,FEMALES,0.6216980509791029
FEMALES,AGE_65_74,0.6216980509791029
RENTER_OCC,MARHH_CHD,-0.6197588420309796
MARHH_CHD,RENTER_OCC,-0.6197588420309796
AGE_75_84,FAMILIES,0.6195482029135667
FAMILIES,AGE_75_84,0.6195482029135667
AGE_UNDER5,AVE_HH_SZ,0.6172226163620766
AVE_HH_SZ,AGE_UNDER5,0.6172226163620766
Hypertension,AMERI_ES,-0.616574036363038
AMERI_ES,Hypertension,-0.616574036363038
HSEHLD_1_F,AVE_FAM_SZ,-0.6148225038941709
AVE_FAM_SZ,HSEHLD_1_F,-0.6148225038941709
AGE_15_19,FAMILIES,0.6138431611723991
FAMILIES,AGE_15_19,0.6138431611723991
FEMALES,HSE_UNITS,0.6117069428974489
HSE_UNITS,FEMALES,0.6117069428974489
FEMALES,OWNER_OCC,0.6101638780085263
OWNER_OCC,FEMALES,0.6101638780085263
AGE_20_24,POP13_SQMI,0.6083294958513039
POP13_SQMI,AGE_20_24,0.6083294958513039
RENTER_OCC,AGE_25_34,0.6077794345763374
AGE_25_34,RENTER_OCC,0.6077794345763374
RENTER_OCC,AGE_20_24,0.6071093820888207
AGE_20_24,RENTER_OCC,0.6071093820888207
AVE_HH_SZ,AGE_10_14,0.6057185364074036
AGE_10_14,AVE_HH_SZ,0.6057185364074036
AMERI_ES,HIV/AIDS,-0.6040145270982462
HIV/AIDS,AMERI_ES,-0.6040145270982462
ASIAN,WHITE,-0.6010633493168935
WHITE,ASIAN,-0.6010633493168935
HSEHLD_1_F,AGE_UNDER5,-0.600607865600492
AGE_UNDER5,HSEHLD_1_F,-0.600607865600492
OWNER_OCC,AVE_FAM_SZ,-0.5989424649446576
AVE_FAM_SZ,OWNER_OCC,-0.5989424649446576
HSEHLD_1_M,AVE_FAM_SZ,-0.5962841262877693
AVE_FAM_SZ,HSEHLD_1_M,-0.5962841262877693
HSEHLD_1_F,AGE_5_9,-0.5958910583612138
AGE_5_9,HSEHLD_1_F,-0.5958910583612138
AGE_85_UP,HOUSEHOLDS,0.593998127216704
HOUSEHOLDS,AGE_85_UP,0.593998127216704
POP13_SQMI,AGE_5_9,-0.5907107483997095
AGE_5_9,POP13_SQMI,-0.5907107483997095
AGE_UNDER5,MARHH_CHD,0.5892489270903964
MARHH_CHD,AGE_UNDER5,0.5892489270903964
AGE_5_9,RENTER_OCC,-0.5848538881216363
RENTER_OCC,AGE_5_9,-0.5848538881216363
AVE_FAM_SZ,AGE_65_74,-0.5843585953873071
AGE_65_74,AVE_FAM_SZ,-0.5843585953873071
HOUSEHOLDS,WHITE,0.5812266127068899
WHITE,HOUSEHOLDS,0.5812266127068899
AGE_85_UP,AGE_65_74,0.5789435807453915
AGE_65_74,AGE_85_UP,0.5789435807453915
HSE_UNITS,WHITE,0.5732647908571448
WHITE,HSE_UNITS,0.5732647908571448
AVE_FAM_SZ,AGE_75_84,-0.5728755533553078
AGE_75_84,AVE_FAM_SZ,-0.5728755533553078
AGE_10_14,FAMILIES,0.571705855784394
FAMILIES,AGE_10_14,0.571705855784394
AGE_65_74,AGE_45_54,0.5705967139075278
AGE_45_54,AGE_65_74,0.5705967139075278
FAMILIES,Diabetes,0.5669485488357064
Diabetes,FAMILIES,0.5669485488357064
POP13_SQMI,HSEHLD_1_F,0.5666564322219387
HSEHLD_1_F,POP13_SQMI,0.5666564322219387
HSE_UNITS,MALES,0.5642158351733286
MALES,HSE_UNITS,0.5642158351733286
AVE_FAM_SZ,AGE_UNDER5,0.563594046363306
AGE_UNDER5,AVE_FAM_SZ,0.563594046363306
AGE_10_14,MALES,0.5627602250939684
MALES,AGE_10_14,0.5627602250939684
HSEHLD_1_F,RENTER_OCC,0.5606134226291964
RENTER_OCC,HSEHLD_1_F,0.5606134226291964
AGE_10_14,RENTER_OCC,-0.560556099903147
RENTER_OCC,AGE_10_14,-0.560556099903147
Prevalence of obesity,HOUSEHOLDS,0.5603641304527748
HOUSEHOLDS,Prevalence of obesity,0.5603641304527748
AGE_45_54,AGE_75_84,0.5585934581895237
AGE_75_84,AGE_45_54,0.5585934581895237
HSEHLD_1_F,AGE_85_UP,0.5581408835463528
AGE_85_UP,HSEHLD_1_F,0.5581408835463528
POP13_SQMI,FAMILIES,-0.5567799724225408
FAMILIES,POP13_SQMI,-0.5567799724225408
AGE_55_64,AGE_85_UP,0.5564587846443426
AGE_85_UP,AGE_55_64,0.5564587846443426
AGE_85_UP,MARHH_NO_C,0.5555080655131869
MARHH_NO_C,AGE_85_UP,0.5555080655131869
WHITE,MULT_RACE,-0.5532836749045396
MULT_RACE,WHITE,-0.5532836749045396
AGE_45_54,AGE_15_19,0.5523311605641278
AGE_15_19,AGE_45_54,0.5523311605641278
FAMILIES,MARHH_CHD,0.5496646917837255
MARHH_CHD,FAMILIES,0.5496646917837255
BLACK,WHITE,-0.5493754902118722
WHITE,BLACK,-0.5493754902118722
Prevalence of obesity,HISPANIC,-0.5488341185918418
HISPANIC,Prevalence of obesity,-0.5488341185918418
VACANT,AGE_55_64,0.547571656548158
AGE_55_64,VACANT,0.547571656548158
RENTER_OCC,HSEHLD_1_M,0.5475310860458744
HSEHLD_1_M,RENTER_OCC,0.5475310860458744
Prevalence of obesity,OTHER,-0.5426601205946667
OTHER,Prevalence of obesity,-0.5426601205946667
AGE_85_UP,FEMALES,0.538088801475526
FEMALES,AGE_85_UP,0.538088801475526
MARHH_NO_C,POP13_SQMI,-0.5372951752143353
POP13_SQMI,MARHH_NO_C,-0.5372951752143353
OTHER,MARHH_NO_C,-0.5369866642755761
MARHH_NO_C,OTHER,-0.5369866642755761
MARHH_CHD,MALES,0.5369331990237579
MALES,MARHH_CHD,0.5369331990237579
AGE_25_34,AGE_65_74,-0.5363278665563127
AGE_65_74,AGE_25_34,-0.5363278665563127
HISPANIC,population,0.5362247105395587
population,HISPANIC,0.5362247105395587
FEMALES,Diabetes,0.535969726528599
Diabetes,FEMALES,0.535969726528599
AGE_5_9,AGE_15_19,0.5355189012089471
AGE_15_19,AGE_5_9,0.5355189012089471
HSEHLD_1_F,AGE_75_84,0.5352434952893611
AGE_75_84,HSEHLD_1_F,0.5352434952893611
OTHER,OWNER_OCC,-0.5346915369182724
OWNER_OCC,OTHER,-0.5346915369182724
AMERI_ES,MHH_CHILD,0.5335082531688964
MHH_CHILD,AMERI_ES,0.5335082531688964
MARHH_NO_C,Prevalence of obesity,0.5325232218116854
Prevalence of obesity,MARHH_NO_C,0.5325232218116854
VACANT,AGE_65_74,0.5316005626369344
AGE_65_74,VACANT,0.5316005626369344
AGE_25_34,OWNER_OCC,-0.5242738432589085
OWNER_OCC,AGE_25_34,-0.5242738432589085
AVE_FAM_SZ,AGE_85_UP,-0.5228982386367068
AGE_85_UP,AVE_FAM_SZ,-0.5228982386367068
AGE_85_UP,AGE_45_54,0.5195904829882657
AGE_45_54,AGE_85_UP,0.5195904829882657
population,OTHER,0.5171846110617294
OTHER,population,0.5171846110617294
WHITE,AGE_55_64,0.5164581678377759
AGE_55_64,WHITE,0.5164581678377759
covid_cases,POP13_SQMI,0.5149324371984416
POP13_SQMI,covid_cases,0.5149324371984416
MHH_CHILD,MALES,0.5122374943760183
MALES,MHH_CHILD,0.5122374943760183
HSE_UNITS,OTHER,-0.5120019081733346
OTHER,HSE_UNITS,-0.5120019081733346
FEMALES,Prevalence of obesity,0.5093534024334742
Prevalence of obesity,FEMALES,0.5093534024334742
HAWN_PI,WHITE,-0.5087056754630521
WHITE,HAWN_PI,-0.5087056754630521
people_vaccinated,BLACK,-0.5080185996736166
BLACK,people_vaccinated,-0.5080185996736166
MARHH_CHD,HSEHLD_1_F,-0.5079375115637179
HSEHLD_1_F,MARHH_CHD,-0.5079375115637179
AVE_FAM_SZ,WHITE,-0.5063319348118523
WHITE,AVE_FAM_SZ,-0.5063319348118523
HSEHLD_1_M,AGE_20_24,0.5049444611187168
AGE_20_24,HSEHLD_1_M,0.5049444611187168
AGE_25_34,WHITE,-0.5047001887772535
WHITE,AGE_25_34,-0.5047001887772535
HISPANIC,MARHH_NO_C,-0.5044817015637436
MARHH_NO_C,HISPANIC,-0.5044817015637436
MARHH_CHD,AGE_15_19,0.5021692781897504
AGE_15_19,MARHH_CHD,0.5021692781897504
AGE_35_44,MALES,0.501337166514277
MALES,AGE_35_44,0.501337166514277
Prevalence of obesity,HSE_UNITS,0.4999396360916049
HSE_UNITS,Prevalence of obesity,0.4999396360916049
FEMALES,MARHH_NO_C,0.4977721328870171
MARHH_NO_C,FEMALES,0.4977721328870171
Prevalence of obesity,FHH_CHILD,0.4970316425097269
FHH_CHILD,Prevalence of obesity,0.4970316425097269
FHH_CHILD,HIV/AIDS,0.4959643493462928
HIV/AIDS,FHH_CHILD,0.4959643493462928
HISPANIC,OWNER_OCC,-0.49563223729125494
OWNER_OCC,HISPANIC,-0.49563223729125494
CVD,MULT_RACE,-0.49467681538705055
MULT_RACE,CVD,-0.49467681538705055
people_vaccinated,AGE_45_54,0.4938993287104958
AGE_45_54,people_vaccinated,0.4938993287104958
FAMILIES,AGE_25_34,-0.49255668867575225
AGE_25_34,FAMILIES,-0.49255668867575225
AVE_HH_SZ,MARHH_CHD,0.4897445799185137
MARHH_CHD,AVE_HH_SZ,0.4897445799185137
HSEHLD_1_M,AGE_5_9,-0.4877816003753304
AGE_5_9,HSEHLD_1_M,-0.4877816003753304
BLACK,Diabetes,0.4872761797139117
Diabetes,BLACK,0.4872761797139117
POP13_SQMI,BLACK,0.4856291596123903
BLACK,POP13_SQMI,0.4856291596123903
Diabetes,CVD,0.4854100771816733
CVD,Diabetes,0.4854100771816733
MARHH_CHD,HSEHLD_1_M,-0.48512321647297557
HSEHLD_1_M,MARHH_CHD,-0.48512321647297557
FEMALES,HSEHLD_1_F,0.4845699727230723
HSEHLD_1_F,FEMALES,0.4845699727230723
MARHH_NO_C,VACANT,0.48394447178208416
VACANT,MARHH_NO_C,0.48394447178208416
covid_deaths,AGE_35_44,0.47970115416315395
AGE_35_44,covid_deaths,0.47970115416315395
AGE_75_84,AGE_25_34,-0.477495335639126
AGE_25_34,AGE_75_84,-0.477495335639126
POP13_SQMI,covid_deaths,0.4772458834481788
covid_deaths,POP13_SQMI,0.4772458834481788
MHH_CHILD,POP13_SQMI,-0.47518643094876906
POP13_SQMI,MHH_CHILD,-0.47518643094876906
AGE_65_74,MALES,0.47500533078312
MALES,AGE_65_74,0.47500533078312
BLACK,HIV/AIDS,0.47483185307070735
HIV/AIDS,BLACK,0.47483185307070735
HSE_UNITS,HISPANIC,-0.4742845232478269
HISPANIC,HSE_UNITS,-0.4742845232478269
AGE_10_14,HSEHLD_1_F,-0.47276737407112884
HSEHLD_1_F,AGE_10_14,-0.47276737407112884
Prevalence of obesity,AGE_65_74,0.4722812682583101
AGE_65_74,Prevalence of obesity,0.4722812682583101
MALES,AGE_75_84,0.47194125349538746
AGE_75_84,MALES,0.47194125349538746
AGE_85_UP,AVE_HH_SZ,-0.47174490079422493
AVE_HH_SZ,AGE_85_UP,-0.47174490079422493
OTHER,HOUSEHOLDS,-0.4716163010987441
HOUSEHOLDS,OTHER,-0.4716163010987441
OWNER_OCC,VACANT,0.47125898440377106
VACANT,OWNER_OCC,0.47125898440377106
AGE_5_9,AVE_FAM_SZ,0.471070217615697
AVE_FAM_SZ,AGE_5_9,0.471070217615697
FHH_CHILD,FEMALES,0.47048188896296483
FEMALES,FHH_CHILD,0.47048188896296483
WHITE,AGE_45_54,0.4704164568269681
AGE_45_54,WHITE,0.4704164568269681
ASIAN,OWNER_OCC,-0.4691237583253177
OWNER_OCC,ASIAN,-0.4691237583253177
HOUSEHOLDS,HISPANIC,-0.4688567743722279
HISPANIC,HOUSEHOLDS,-0.4688567743722279
covid_cases,MHH_CHILD,-0.4661348621028593
MHH_CHILD,covid_cases,-0.4661348621028593
RENTER_OCC,AVE_HH_SZ,-0.4655134059021492
AVE_HH_SZ,RENTER_OCC,-0.4655134059021492
AGE_85_UP,HSE_UNITS,0.4648684274728699
HSE_UNITS,AGE_85_UP,0.4648684274728699
MALES,Prevalence of obesity,0.4633538898621543
Prevalence of obesity,MALES,0.4633538898621543
AMERI_ES,people_vaccinated,0.46228910360627085
people_vaccinated,AMERI_ES,0.46228910360627085
OWNER_OCC,POP13_SQMI,-0.46065942482550165
POP13_SQMI,OWNER_OCC,-0.46065942482550165
AGE_10_14,HSEHLD_1_M,-0.460060272136141
HSEHLD_1_M,AGE_10_14,-0.460060272136141
AVE_FAM_SZ,AGE_45_54,-0.4598104849690243
AGE_45_54,AVE_FAM_SZ,-0.4598104849690243
AGE_55_64,AVE_HH_SZ,-0.45962847374581844
AVE_HH_SZ,AGE_55_64,-0.45962847374581844
WHITE,MALES,0.45845171570497656
MALES,WHITE,0.45845171570497656
Hypertension,FHH_CHILD,0.45779862496895285
FHH_CHILD,Hypertension,0.45779862496895285
MARHH_CHD,BLACK,-0.45729139840712946
BLACK,MARHH_CHD,-0.45729139840712946
WHITE,AGE_75_84,0.4563976739622984
AGE_75_84,WHITE,0.4563976739622984
OWNER_OCC,RENTER_OCC,-0.45459725956012653
RENTER_OCC,OWNER_OCC,-0.45459725956012653
people_vaccinated,AGE_85_UP,0.4509073601790475
AGE_85_UP,people_vaccinated,0.4509073601790475
OWNER_OCC,AGE_85_UP,0.4486939160537358
AGE_85_UP,OWNER_OCC,0.4486939160537358
Diabetes,HIV/AIDS,0.44330556446315605
HIV/AIDS,Diabetes,0.44330556446315605
FHH_CHILD,CVD,0.4424155680861113
CVD,FHH_CHILD,0.4424155680861113
VACANT,AGE_25_34,-0.44223191278666646
AGE_25_34,VACANT,-0.44223191278666646
covid_cases,BLACK,0.44164013664260576
BLACK,covid_cases,0.44164013664260576
AGE_UNDER5,AGE_85_UP,-0.4412746461356927
AGE_85_UP,AGE_UNDER5,-0.4412746461356927
WHITE,MARHH_CHD,0.4388280857575357
MARHH_CHD,WHITE,0.4388280857575357
AGE_15_19,OWNER_OCC,0.4351498358333207
OWNER_OCC,AGE_15_19,0.4351498358333207
OTHER,AVE_FAM_SZ,0.4351439517649307
AVE_FAM_SZ,OTHER,0.4351439517649307
HSEHLD_1_F,AGE_65_74,0.43494172879832044
AGE_65_74,HSEHLD_1_F,0.43494172879832044
Diabetes,AGE_75_84,0.43447346774899925
AGE_75_84,Diabetes,0.43447346774899925
CVD,people_vaccinated,-0.433269431212843
people_vaccinated,CVD,-0.433269431212843
AGE_15_19,AGE_35_44,0.4332685407869626
AGE_35_44,AGE_15_19,0.4332685407869626
HSEHLD_1_F,AGE_20_24,0.4331704807202739
AGE_20_24,HSEHLD_1_F,0.4331704807202739
VACANT,MHH_CHILD,0.4315544658910902
MHH_CHILD,VACANT,0.4315544658910902
HSEHLD_1_F,AGE_55_64,0.43146094601911206
AGE_55_64,HSEHLD_1_F,0.43146094601911206
AGE_55_64,people_vaccinated,0.4308829644230477
people_vaccinated,AGE_55_64,0.4308829644230477
AVE_HH_SZ,AGE_75_84,-0.42975263163435967
AGE_75_84,AVE_HH_SZ,-0.42975263163435967
BLACK,MARHH_NO_C,-0.4290450831161426
MARHH_NO_C,BLACK,-0.4290450831161426
POP13_SQMI,WHITE,-0.42828879892140953
WHITE,POP13_SQMI,-0.42828879892140953
RENTER_OCC,AGE_UNDER5,-0.4278608484998221
AGE_UNDER5,RENTER_OCC,-0.4278608484998221
MHH_CHILD,AGE_55_64,0.42771023848946554
AGE_55_64,MHH_CHILD,0.42771023848946554
POP13_SQMI,HSEHLD_1_M,0.42748348162817973
HSEHLD_1_M,POP13_SQMI,0.42748348162817973
Prevalence of obesity,AGE_55_64,0.4270415741238385
AGE_55_64,Prevalence of obesity,0.4270415741238385
AGE_35_44,FAMILIES,0.42546535224807874
FAMILIES,AGE_35_44,0.42546535224807874
HSE_UNITS,AGE_UNDER5,-0.4239014000549753
AGE_UNDER5,HSE_UNITS,-0.4239014000549753
AGE_55_64,OTHER,-0.42354012266711993
OTHER,AGE_55_64,-0.42354012266711993
MALES,people_vaccinated,0.42178823832449513
people_vaccinated,MALES,0.42178823832449513
OWNER_OCC,Diabetes,0.42159775685775597
Diabetes,OWNER_OCC,0.42159775685775597
covid_deaths,RENTER_OCC,0.42083376323761146
RENTER_OCC,covid_deaths,0.42083376323761146
AGE_85_UP,WHITE,0.4204469843099895
WHITE,AGE_85_UP,0.4204469843099895
AGE_25_34,AGE_55_64,-0.4202518797345426
AGE_55_64,AGE_25_34,-0.4202518797345426
AGE_UNDER5,AGE_65_74,-0.41825698090109875
AGE_65_74,AGE_UNDER5,-0.41825698090109875
Diabetes,Hypertension,0.4166752772504931
Hypertension,Diabetes,0.4166752772504931
AGE_UNDER5,AGE_75_84,-0.4117791212639754
AGE_75_84,AGE_UNDER5,-0.4117791212639754
AGE_35_44,AGE_55_64,0.4115268268472884
AGE_55_64,AGE_35_44,0.4115268268472884
POP13_SQMI,AGE_UNDER5,-0.41119512671514585
AGE_UNDER5,POP13_SQMI,-0.41119512671514585
HSEHLD_1_M,AGE_55_64,0.41093616414173184
AGE_55_64,HSEHLD_1_M,0.41093616414173184
HOUSEHOLDS,VACANT,0.4091508869456601
VACANT,HOUSEHOLDS,0.4091508869456601
AVE_FAM_SZ,VACANT,-0.4082667291746038
VACANT,AVE_FAM_SZ,-0.4082667291746038
FAMILIES,MHH_CHILD,0.4080131694774596
MHH_CHILD,FAMILIES,0.4080131694774596
AGE_85_UP,FAMILIES,0.40775236499762785
FAMILIES,AGE_85_UP,0.40775236499762785
OWNER_OCC,MULT_RACE,-0.4077191805704898
MULT_RACE,OWNER_OCC,-0.4077191805704898
HIV/AIDS,people_vaccinated,-0.4072495824642191
people_vaccinated,HIV/AIDS,-0.4072495824642191
RENTER_OCC,covid_cases,0.40676938029002
covid_cases,RENTER_OCC,0.40676938029002
FAMILIES,AVE_FAM_SZ,-0.4065747257059894
AVE_FAM_SZ,FAMILIES,-0.4065747257059894
AGE_35_44,HIV/AIDS,0.4053920091043312
HIV/AIDS,AGE_35_44,0.4053920091043312
population,HSEHLD_1_M,-0.40312809342883205
HSEHLD_1_M,population,-0.40312809342883205
RENTER_OCC,FAMILIES,-0.4026892640908356
FAMILIES,RENTER_OCC,-0.4026892640908356
WHITE,AGE_65_74,0.4025223994314532
AGE_65_74,WHITE,0.4025223994314532
Diabetes,HOUSEHOLDS,0.4021392704892496
HOUSEHOLDS,Diabetes,0.4021392704892496
FEMALES,covid_deaths,0.40213729728820174
covid_deaths,FEMALES,0.40213729728820174
CVD,HAWN_PI,-0.4013248931717302
HAWN_PI,CVD,-0.4013248931717302
MARHH_NO_C,RENTER_OCC,-0.4011355590243021
RENTER_OCC,MARHH_NO_C,-0.4011355590243021
AVE_FAM_SZ,HISPANIC,0.3952953973694683
HISPANIC,AVE_FAM_SZ,0.3952953973694683
CVD,AGE_65_74,0.39467459068577543
AGE_65_74,CVD,0.39467459068577543
BLACK,AGE_25_34,0.3937637959288133
AGE_25_34,BLACK,0.3937637959288133
Prevalence of obesity,AGE_15_19,0.39106007632445683
AGE_15_19,Prevalence of obesity,0.39106007632445683
AGE_85_UP,MALES,0.39081953896309135
MALES,AGE_85_UP,0.39081953896309135
BLACK,CVD,0.3898722700211522
CVD,BLACK,0.3898722700211522
AGE_55_64,Diabetes,0.38812252984580503
Diabetes,AGE_55_64,0.38812252984580503
AGE_35_44,Hypertension,0.3857879353706355
Hypertension,AGE_35_44,0.3857879353706355
BLACK,Hypertension,0.38512333325218767
Hypertension,BLACK,0.38512333325218767
HSE_UNITS,population,-0.38389205088035316
population,HSE_UNITS,-0.38389205088035316
AGE_55_64,HISPANIC,-0.38312414522720395
HISPANIC,AGE_55_64,-0.38312414522720395
FHH_CHILD,AGE_35_44,0.38302290797801347
AGE_35_44,FHH_CHILD,0.38302290797801347
HSE_UNITS,MHH_CHILD,0.38158317415371334
MHH_CHILD,HSE_UNITS,0.38158317415371334
AGE_65_74,AVE_HH_SZ,-0.37990405848203646
AVE_HH_SZ,AGE_65_74,-0.37990405848203646
MARHH_CHD,MARHH_NO_C,0.3795276193803284
MARHH_NO_C,MARHH_CHD,0.3795276193803284
covid_deaths,MHH_CHILD,-0.3792127688898871
MHH_CHILD,covid_deaths,-0.3792127688898871
AGE_UNDER5,AGE_55_64,-0.3791187605294993
AGE_55_64,AGE_UNDER5,-0.3791187605294993
AGE_10_14,FEMALES,0.3782653614257612
FEMALES,AGE_10_14,0.3782653614257612
HOUSEHOLDS,AGE_UNDER5,-0.3763233792063548
AGE_UNDER5,HOUSEHOLDS,-0.3763233792063548
OTHER,VACANT,-0.3750325945935934
VACANT,OTHER,-0.3750325945935934
MARHH_NO_C,AVE_HH_SZ,-0.3749247934601474
AVE_HH_SZ,MARHH_NO_C,-0.3749247934601474
RENTER_OCC,WHITE,-0.37469956958437006
WHITE,RENTER_OCC,-0.37469956958437006
HSE_UNITS,Diabetes,0.3726067181893958
Diabetes,HSE_UNITS,0.3726067181893958
Prevalence of obesity,AGE_75_84,0.3716403569037888
AGE_75_84,Prevalence of obesity,0.3716403569037888
AVE_FAM_SZ,AGE_25_34,0.3704751932563029
AGE_25_34,AVE_FAM_SZ,0.3704751932563029
AGE_15_19,HOUSEHOLDS,0.3683938095131168
HOUSEHOLDS,AGE_15_19,0.3683938095131168
MHH_CHILD,MARHH_NO_C,0.36802581342167534
MARHH_NO_C,MHH_CHILD,0.36802581342167534
AGE_5_9,MALES,0.3680231433240395
MALES,AGE_5_9,0.3680231433240395
AGE_45_54,HSEHLD_1_F,0.3675449449362625
HSEHLD_1_F,AGE_45_54,0.3675449449362625
Prevalence of obesity,AGE_45_54,0.36701778923188993
AGE_45_54,Prevalence of obesity,0.36701778923188993
OTHER,FAMILIES,-0.3657052757907359
FAMILIES,OTHER,-0.3657052757907359
HSEHLD_1_F,OWNER_OCC,0.36515226480175017
OWNER_OCC,HSEHLD_1_F,0.36515226480175017
FHH_CHILD,covid_cases,0.3642463324686475
covid_cases,FHH_CHILD,0.3642463324686475
FHH_CHILD,HSEHLD_1_F,0.36366801969416307
HSEHLD_1_F,FHH_CHILD,0.36366801969416307
AVE_HH_SZ,OTHER,0.3619223485116584
OTHER,AVE_HH_SZ,0.3619223485116584
AGE_35_44,Diabetes,0.36111306739420945
Diabetes,AGE_35_44,0.36111306739420945
AGE_10_14,MHH_CHILD,0.3607975476300134
MHH_CHILD,AGE_10_14,0.3607975476300134
OWNER_OCC,population,-0.3605774644601928
population,OWNER_OCC,-0.3605774644601928
covid_cases,MARHH_NO_C,-0.3585701731402206
MARHH_NO_C,covid_cases,-0.3585701731402206
Hypertension,people_vaccinated,-0.35766428463358974
people_vaccinated,Hypertension,-0.35766428463358974
VACANT,AGE_45_54,0.3575903600271961
AGE_45_54,VACANT,0.3575903600271961
ASIAN,CVD,-0.35755419930490495
CVD,ASIAN,-0.35755419930490495
HSE_UNITS,ASIAN,-0.35736108964928953
ASIAN,HSE_UNITS,-0.35736108964928953
OWNER_OCC,MHH_CHILD,0.35682090399956823
MHH_CHILD,OWNER_OCC,0.35682090399956823
AGE_5_9,FAMILIES,0.35649226493102587
FAMILIES,AGE_5_9,0.35649226493102587
ASIAN,Prevalence of obesity,-0.3562659511089993
Prevalence of obesity,ASIAN,-0.3562659511089993
FAMILIES,HISPANIC,-0.3553889324960737
HISPANIC,FAMILIES,-0.3553889324960737
AGE_45_54,AGE_25_34,-0.3529894199992754
AGE_25_34,AGE_45_54,-0.3529894199992754
ASIAN,HOUSEHOLDS,-0.3529002486994157
HOUSEHOLDS,ASIAN,-0.3529002486994157
covid_cases,VACANT,-0.35159280532400694
VACANT,covid_cases,-0.35159280532400694
HISPANIC,HSEHLD_1_F,-0.35154898433935167
HSEHLD_1_F,HISPANIC,-0.35154898433935167
MHH_CHILD,BLACK,-0.35133646954873526
BLACK,MHH_CHILD,-0.35133646954873526
AMERI_ES,AGE_UNDER5,0.3508255057435243
AGE_UNDER5,AMERI_ES,0.3508255057435243
AGE_85_UP,AGE_25_34,-0.3506468884200004
AGE_25_34,AGE_85_UP,-0.3506468884200004
AGE_10_14,AVE_FAM_SZ,0.3503478299902123
AVE_FAM_SZ,AGE_10_14,0.3503478299902123
FHH_CHILD,AGE_15_19,0.3497577877071324
AGE_15_19,FHH_CHILD,0.3497577877071324
AGE_15_19,AGE_55_64,0.34962338609494914
AGE_55_64,AGE_15_19,0.34962338609494914
Diabetes,HISPANIC,-0.34909612201905055
HISPANIC,Diabetes,-0.34909612201905055
AGE_75_84,CVD,0.3487102193738285
CVD,AGE_75_84,0.3487102193738285
OTHER,HSEHLD_1_M,-0.3480219061202845
HSEHLD_1_M,OTHER,-0.3480219061202845
AGE_UNDER5,HSEHLD_1_M,-0.34724043683717093
HSEHLD_1_M,AGE_UNDER5,-0.34724043683717093
Diabetes,OTHER,-0.345531762292493
OTHER,Diabetes,-0.345531762292493
AGE_35_44,AMERI_ES,-0.3439211542359016
AMERI_ES,AGE_35_44,-0.3439211542359016
CVD,HSEHLD_1_F,0.3432787062725069
HSEHLD_1_F,CVD,0.3432787062725069
MARHH_NO_C,population,-0.34299094683384235
population,MARHH_NO_C,-0.34299094683384235
HOUSEHOLDS,population,-0.34228139712259614
population,HOUSEHOLDS,-0.34228139712259614
HSEHLD_1_F,MULT_RACE,-0.3416757446850674
MULT_RACE,HSEHLD_1_F,-0.3416757446850674
HISPANIC,WHITE,-0.34150614816629743
WHITE,HISPANIC,-0.34150614816629743
MARHH_CHD,OWNER_OCC,0.34094056043791515
OWNER_OCC,MARHH_CHD,0.34094056043791515
AVE_HH_SZ,population,0.3402527703564885
population,AVE_HH_SZ,0.3402527703564885
AGE_20_24,MARHH_CHD,-0.3388867527510521
MARHH_CHD,AGE_20_24,-0.3388867527510521
AGE_15_19,WHITE,0.33878599392499625
WHITE,AGE_15_19,0.33878599392499625
covid_cases,AGE_35_44,0.3361320629063789
AGE_35_44,covid_cases,0.3361320629063789
AVE_HH_SZ,POP13_SQMI,-0.3342770920745744
POP13_SQMI,AVE_HH_SZ,-0.3342770920745744
AGE_UNDER5,VACANT,-0.3336983032924136
VACANT,AGE_UNDER5,-0.3336983032924136
AGE_20_24,BLACK,0.3336556310346576
BLACK,AGE_20_24,0.3336556310346576
AVE_HH_SZ,OWNER_OCC,-0.333570902998191
OWNER_OCC,AVE_HH_SZ,-0.333570902998191
POP13_SQMI,MALES,-0.3330918525798904
MALES,POP13_SQMI,-0.3330918525798904
HSEHLD_1_F,OTHER,-0.3330015094341342
OTHER,HSEHLD_1_F,-0.3330015094341342
WHITE,VACANT,0.3326707946299145
VACANT,WHITE,0.3326707946299145
MARHH_CHD,FHH_CHILD,-0.3317064529555029
FHH_CHILD,MARHH_CHD,-0.3317064529555029
HAWN_PI,OWNER_OCC,-0.3315461209547183
OWNER_OCC,HAWN_PI,-0.3315461209547183
FEMALES,Hypertension,0.33138984421629103
Hypertension,FEMALES,0.33138984421629103
HISPANIC,AVE_HH_SZ,0.3313451574005793
AVE_HH_SZ,HISPANIC,0.3313451574005793
AGE_65_74,Hypertension,0.33019921298429916
Hypertension,AGE_65_74,0.33019921298429916
AGE_75_84,people_vaccinated,0.3295817268432639
people_vaccinated,AGE_75_84,0.3295817268432639
MARHH_CHD,AGE_45_54,0.3281664882298587
AGE_45_54,MARHH_CHD,0.3281664882298587
HISPANIC,HSEHLD_1_M,-0.3273910948815344
HSEHLD_1_M,HISPANIC,-0.3273910948815344
WHITE,OTHER,-0.32710747682639585
OTHER,WHITE,-0.32710747682639585
OTHER,AGE_65_74,-0.3270370809800479
AGE_65_74,OTHER,-0.3270370809800479
MULT_RACE,HOUSEHOLDS,-0.32397828620339986
HOUSEHOLDS,MULT_RACE,-0.32397828620339986
HAWN_PI,HSEHLD_1_F,-0.32326382919438873
HSEHLD_1_F,HAWN_PI,-0.32326382919438873
AGE_65_74,HIV/AIDS,0.3227667721515449
HIV/AIDS,AGE_65_74,0.3227667721515449
OTHER,AGE_75_84,-0.321587981975771
AGE_75_84,OTHER,-0.321587981975771
MARHH_NO_C,ASIAN,-0.32084949231886634
ASIAN,MARHH_NO_C,-0.32084949231886634
OTHER,AGE_45_54,-0.32047312899185904
AGE_45_54,OTHER,-0.32047312899185904
BLACK,covid_deaths,0.31856578601635116
covid_deaths,BLACK,0.31856578601635116
BLACK,AMERI_ES,-0.31816223904365537
AMERI_ES,BLACK,-0.31816223904365537
AGE_15_19,AGE_UNDER5,0.31791319969747667
AGE_UNDER5,AGE_15_19,0.31791319969747667
AGE_5_9,MHH_CHILD,0.3172377303652877
MHH_CHILD,AGE_5_9,0.3172377303652877
OWNER_OCC,AGE_10_14,0.31709362741400093
AGE_10_14,OWNER_OCC,0.31709362741400093
OWNER_OCC,HSEHLD_1_M,0.31703146153406464
HSEHLD_1_M,OWNER_OCC,0.31703146153406464
FEMALES,WHITE,0.3150456293704759
WHITE,FEMALES,0.3150456293704759
Diabetes,people_vaccinated,-0.31480095474416
people_vaccinated,Diabetes,-0.31480095474416
Diabetes,MARHH_NO_C,0.31333553204730996
MARHH_NO_C,Diabetes,0.31333553204730996
FHH_CHILD,WHITE,-0.3129490481609663
WHITE,FHH_CHILD,-0.3129490481609663
FAMILIES,VACANT,0.3126985985200894
VACANT,FAMILIES,0.3126985985200894
HSEHLD_1_F,ASIAN,-0.3125155582491998
ASIAN,HSEHLD_1_F,-0.3125155582491998
AGE_UNDER5,AGE_45_54,-0.31222800121205446
AGE_45_54,AGE_UNDER5,-0.31222800121205446
HSEHLD_1_M,AGE_85_UP,0.3093785752451905
AGE_85_UP,HSEHLD_1_M,0.3093785752451905
covid_deaths,HSEHLD_1_F,0.30937794792161993
HSEHLD_1_F,covid_deaths,0.30937794792161993
FEMALES,CVD,0.30792731944589424
CVD,FEMALES,0.30792731944589424
people_vaccinated,FHH_CHILD,-0.30740917230444764
FHH_CHILD,people_vaccinated,-0.30740917230444764
WHITE,Prevalence of obesity,0.3068765227279187
Prevalence of obesity,WHITE,0.3068765227279187
AGE_25_34,HSE_UNITS,-0.30656041729394723
HSE_UNITS,AGE_25_34,-0.30656041729394723
HISPANIC,AGE_45_54,-0.3057081055982548
AGE_45_54,HISPANIC,-0.3057081055982548
AGE_65_74,MHH_CHILD,0.304875531938614
MHH_CHILD,AGE_65_74,0.304875531938614
people_vaccinated,MARHH_NO_C,0.30405905426045243
MARHH_NO_C,people_vaccinated,0.30405905426045243
AGE_35_44,AGE_10_14,0.3040112097714199
AGE_10_14,AGE_35_44,0.3040112097714199
AGE_20_24,MARHH_NO_C,-0.30246284899838655
MARHH_NO_C,AGE_20_24,-0.30246284899838655
ASIAN,HSEHLD_1_M,-0.30218559241592424
HSEHLD_1_M,ASIAN,-0.30218559241592424
AGE_35_44,HOUSEHOLDS,0.30158149472084184
HOUSEHOLDS,AGE_35_44,0.30158149472084184
Diabetes,MALES,0.301578798145103
MALES,Diabetes,0.301578798145103
HIV/AIDS,FEMALES,0.30021090998661953
FEMALES,HIV/AIDS,0.30021090998661953
HOUSEHOLDS,HAWN_PI,-0.3000562007319661
HAWN_PI,HOUSEHOLDS,-0.3000562007319661
population,VACANT,-0.2997801425291682
VACANT,population,-0.2997801425291682
AGE_85_UP,AGE_5_9,-0.2995602619755619
AGE_5_9,AGE_85_UP,-0.2995602619755619
BLACK,HSEHLD_1_F,0.2988216507567071
HSEHLD_1_F,BLACK,0.2988216507567071
AVE_HH_SZ,VACANT,-0.2978279669089868
VACANT,AVE_HH_SZ,-0.2978279669089868
HOUSEHOLDS,people_vaccinated,0.2977185433169253
people_vaccinated,HOUSEHOLDS,0.2977185433169253
population,AGE_55_64,-0.29708493788128787
AGE_55_64,population,-0.29708493788128787
AGE_45_54,AVE_HH_SZ,-0.2962399844736043
AVE_HH_SZ,AGE_45_54,-0.2962399844736043
HSEHLD_1_M,HIV/AIDS,-0.29567903059691214
HIV/AIDS,HSEHLD_1_M,-0.29567903059691214
covid_deaths,FHH_CHILD,0.2951645071054575
FHH_CHILD,covid_deaths,0.2951645071054575
VACANT,HISPANIC,-0.2949408025212903
HISPANIC,VACANT,-0.2949408025212903
Prevalence of obesity,BLACK,0.29451224158069633
BLACK,Prevalence of obesity,0.29451224158069633
HSE_UNITS,AGE_5_9,-0.29373139647758595
AGE_5_9,HSE_UNITS,-0.29373139647758595
AVE_FAM_SZ,Prevalence of obesity,-0.2930255100861931
Prevalence of obesity,AVE_FAM_SZ,-0.2930255100861931
HOUSEHOLDS,FHH_CHILD,0.2915257204195191
FHH_CHILD,HOUSEHOLDS,0.2915257204195191
AGE_75_84,VACANT,0.2914876468207788
VACANT,AGE_75_84,0.2914876468207788
Prevalence of obesity,MULT_RACE,-0.2902124945416847
MULT_RACE,Prevalence of obesity,-0.2902124945416847
AGE_45_54,covid_deaths,0.29012202795125347
covid_deaths,AGE_45_54,0.29012202795125347
BLACK,RENTER_OCC,0.289364013109371
RENTER_OCC,BLACK,0.289364013109371
AGE_45_54,MHH_CHILD,0.2884915942284822
MHH_CHILD,AGE_45_54,0.2884915942284822
HSEHLD_1_M,AGE_75_84,0.28843222560485066
AGE_75_84,HSEHLD_1_M,0.28843222560485066
AGE_15_19,AGE_20_24,0.28819017334893876
AGE_20_24,AGE_15_19,0.28819017334893876
HSEHLD_1_M,MARHH_NO_C,0.2876965080367689
MARHH_NO_C,HSEHLD_1_M,0.2876965080367689
MULT_RACE,HSE_UNITS,-0.2867693932456589
HSE_UNITS,MULT_RACE,-0.2867693932456589
Prevalence of obesity,AGE_10_14,0.28608265073475486
AGE_10_14,Prevalence of obesity,0.28608265073475486
AGE_25_34,MARHH_CHD,-0.28571878351332536
MARHH_CHD,AGE_25_34,-0.28571878351332536
AGE_20_24,FHH_CHILD,0.2850046005893926
FHH_CHILD,AGE_20_24,0.2850046005893926
HSE_UNITS,AGE_15_19,0.28457923119454065
AGE_15_19,HSE_UNITS,0.28457923119454065
AGE_15_19,MARHH_NO_C,0.28451902701668214
MARHH_NO_C,AGE_15_19,0.28451902701668214
AGE_85_UP,covid_deaths,0.28435170962919154
covid_deaths,AGE_85_UP,0.28435170962919154
AGE_UNDER5,MHH_CHILD,0.2836414958031518
MHH_CHILD,AGE_UNDER5,0.2836414958031518
HSEHLD_1_F,Prevalence of obesity,0.2834652690647507
Prevalence of obesity,HSEHLD_1_F,0.2834652690647507
WHITE,AGE_10_14,0.28308717276586226
AGE_10_14,WHITE,0.28308717276586226
HSE_UNITS,people_vaccinated,0.28219103537568235
people_vaccinated,HSE_UNITS,0.28219103537568235
covid_cases,HSEHLD_1_F,0.28171883686148297
HSEHLD_1_F,covid_cases,0.28171883686148297
POP13_SQMI,Prevalence of obesity,-0.27955403408025736
Prevalence of obesity,POP13_SQMI,-0.27955403408025736
MHH_CHILD,people_vaccinated,0.27939274185330365
people_vaccinated,MHH_CHILD,0.27939274185330365
VACANT,HSEHLD_1_M,0.2792098237060712
HSEHLD_1_M,VACANT,0.2792098237060712
AVE_FAM_SZ,FEMALES,-0.2791041695096149
FEMALES,AVE_FAM_SZ,-0.2791041695096149
MARHH_NO_C,HSEHLD_1_F,0.2790650003377534
HSEHLD_1_F,MARHH_NO_C,0.2790650003377534
Diabetes,AGE_45_54,0.2780163799378213
AGE_45_54,Diabetes,0.2780163799378213
Diabetes,AMERI_ES,-0.27783811245341056
AMERI_ES,Diabetes,-0.27783811245341056
FEMALES,covid_cases,0.27754765826012134
covid_cases,FEMALES,0.27754765826012134
OTHER,AGE_85_UP,-0.2768938090121851
AGE_85_UP,OTHER,-0.2768938090121851
AGE_25_34,HSEHLD_1_M,0.2761547457897191
HSEHLD_1_M,AGE_25_34,0.2761547457897191
covid_cases,AGE_20_24,0.2755371387594809
AGE_20_24,covid_cases,0.2755371387594809
AGE_10_14,AGE_45_54,0.2741662814316977
AGE_45_54,AGE_10_14,0.2741662814316977
AGE_65_74,HISPANIC,-0.2733532692290156
HISPANIC,AGE_65_74,-0.2733532692290156
AMERI_ES,covid_cases,-0.27241177046118437
covid_cases,AMERI_ES,-0.27241177046118437
covid_deaths,VACANT,-0.27037949233566777
VACANT,covid_deaths,-0.27037949233566777
AGE_35_44,population,0.269926880860389
population,AGE_35_44,0.269926880860389
people_vaccinated,WHITE,0.2697035151315092
WHITE,people_vaccinated,0.2697035151315092
AGE_75_84,HISPANIC,-0.26845698670001433
HISPANIC,AGE_75_84,-0.26845698670001433
AGE_45_54,HSEHLD_1_M,0.26703099958715915
HSEHLD_1_M,AGE_45_54,0.26703099958715915
people_vaccinated,FEMALES,0.2662283336216333
FEMALES,people_vaccinated,0.2662283336216333
AGE_UNDER5,AGE_25_34,0.26503778200034617
AGE_25_34,AGE_UNDER5,0.26503778200034617
AVE_FAM_SZ,population,0.2632528125686284
population,AVE_FAM_SZ,0.2632528125686284
AGE_85_UP,AMERI_ES,-0.26322509612758027
AMERI_ES,AGE_85_UP,-0.26322509612758027
AMERI_ES,AGE_75_84,-0.2627979383504046
AGE_75_84,AMERI_ES,-0.2627979383504046
AGE_65_74,AGE_20_24,-0.26214613046210533
AGE_20_24,AGE_65_74,-0.26214613046210533
BLACK,AGE_35_44,0.2618060238134642
AGE_35_44,BLACK,0.2618060238134642
AGE_UNDER5,covid_deaths,-0.2615517795560844
covid_deaths,AGE_UNDER5,-0.2615517795560844
CVD,OWNER_OCC,0.26005699903432816
OWNER_OCC,CVD,0.26005699903432816
CVD,FAMILIES,0.259757816719821
FAMILIES,CVD,0.259757816719821
Prevalence of obesity,MHH_CHILD,0.25960958457715255
MHH_CHILD,Prevalence of obesity,0.25960958457715255
MHH_CHILD,HOUSEHOLDS,0.258792879466208
HOUSEHOLDS,MHH_CHILD,0.258792879466208
MARHH_CHD,FEMALES,0.25794676630157015
FEMALES,MARHH_CHD,0.25794676630157015
Hypertension,population,0.2572385051589645
population,Hypertension,0.2572385051589645
AGE_85_UP,HISPANIC,-0.25631034844446565
HISPANIC,AGE_85_UP,-0.25631034844446565
MHH_CHILD,AGE_15_19,0.25615085846966296
AGE_15_19,MHH_CHILD,0.25615085846966296
AGE_UNDER5,Hypertension,-0.2561405980851
Hypertension,AGE_UNDER5,-0.2561405980851
HSEHLD_1_M,Prevalence of obesity,0.25609043020709454
Prevalence of obesity,HSEHLD_1_M,0.25609043020709454
covid_cases,AGE_25_34,0.25436459571154096
AGE_25_34,covid_cases,0.25436459571154096
WHITE,AVE_HH_SZ,-0.253845188466101
AVE_HH_SZ,WHITE,-0.253845188466101
MARHH_NO_C,MULT_RACE,-0.253681591294778
MULT_RACE,MARHH_NO_C,-0.253681591294778
HSEHLD_1_M,AGE_65_74,0.2535244497068557
AGE_65_74,HSEHLD_1_M,0.2535244497068557
HSEHLD_1_F,Hypertension,0.25318643077899206
Hypertension,HSEHLD_1_F,0.25318643077899206
WHITE,HSEHLD_1_M,0.2531125602602732
HSEHLD_1_M,WHITE,0.2531125602602732
AGE_65_74,FHH_CHILD,0.25235724429035067
FHH_CHILD,AGE_65_74,0.25235724429035067
VACANT,AGE_5_9,-0.25171383105029954
AGE_5_9,VACANT,-0.25171383105029954
MHH_CHILD,WHITE,0.24991002082489558
WHITE,MHH_CHILD,0.24991002082489558
OTHER,covid_cases,0.24974008713986134
covid_cases,OTHER,0.24974008713986134
covid_cases,OWNER_OCC,-0.24946989215193627
OWNER_OCC,covid_cases,-0.24946989215193627
AGE_85_UP,BLACK,-0.24945008473347244
BLACK,AGE_85_UP,-0.24945008473347244
HAWN_PI,HSE_UNITS,-0.24924301396126236
HSE_UNITS,HAWN_PI,-0.24924301396126236
FAMILIES,ASIAN,-0.24902209826895302
ASIAN,FAMILIES,-0.24902209826895302
population,WHITE,-0.24893849125505702
WHITE,population,-0.24893849125505702
AGE_5_9,HOUSEHOLDS,-0.24827481446353797
HOUSEHOLDS,AGE_5_9,-0.24827481446353797
ASIAN,AVE_FAM_SZ,0.24767259978993653
AVE_FAM_SZ,ASIAN,0.24767259978993653
MARHH_CHD,AGE_35_44,0.24717121565528988
AGE_35_44,MARHH_CHD,0.24717121565528988
RENTER_OCC,FHH_CHILD,0.24675372634712114
FHH_CHILD,RENTER_OCC,0.24675372634712114
CVD,HOUSEHOLDS,0.2462482083722842
HOUSEHOLDS,CVD,0.2462482083722842
covid_cases,AVE_FAM_SZ,0.24582319689527735
AVE_FAM_SZ,covid_cases,0.24582319689527735
POP13_SQMI,FHH_CHILD,0.24556934567909383
FHH_CHILD,POP13_SQMI,0.24556934567909383
covid_cases,Hypertension,0.2434153561957538
Hypertension,covid_cases,0.2434153561957538
HSEHLD_1_F,Diabetes,0.24326698377903175
Diabetes,HSEHLD_1_F,0.24326698377903175
Prevalence of obesity,CVD,0.2432620694234664
CVD,Prevalence of obesity,0.2432620694234664
Hypertension,MULT_RACE,-0.24247076553228467
MULT_RACE,Hypertension,-0.24247076553228467
POP13_SQMI,AGE_15_19,-0.24218628050628482
AGE_15_19,POP13_SQMI,-0.24218628050628482
BLACK,MALES,-0.24186536428656574
MALES,BLACK,-0.24186536428656574
Diabetes,AGE_15_19,0.24164086215198788
AGE_15_19,Diabetes,0.24164086215198788
HIV/AIDS,AGE_UNDER5,-0.24082786183098262
AGE_UNDER5,HIV/AIDS,-0.24082786183098262
AMERI_ES,covid_deaths,-0.24082719371550448
covid_deaths,AMERI_ES,-0.24082719371550448
AGE_20_24,FAMILIES,-0.24015079390167693
FAMILIES,AGE_20_24,-0.24015079390167693
AGE_65_74,AGE_35_44,0.23937480474646894
AGE_35_44,AGE_65_74,0.23937480474646894
AGE_75_84,AGE_5_9,-0.23928620453507618
AGE_5_9,AGE_75_84,-0.23928620453507618
AGE_20_24,AVE_HH_SZ,-0.23919623240144436
AVE_HH_SZ,AGE_20_24,-0.23919623240144436
WHITE,HSEHLD_1_F,0.2381007313824552
HSEHLD_1_F,WHITE,0.2381007313824552
HISPANIC,FEMALES,-0.2376077766501696
FEMALES,HISPANIC,-0.2376077766501696
AGE_75_84,AGE_15_19,0.23732214774877275
AGE_15_19,AGE_75_84,0.23732214774877275
MALES,HSEHLD_1_M,0.23616216108263466
HSEHLD_1_M,MALES,0.23616216108263466
POP13_SQMI,AGE_55_64,-0.23572771670116924
AGE_55_64,POP13_SQMI,-0.23572771670116924
MULT_RACE,FAMILIES,-0.2351336960731002
FAMILIES,MULT_RACE,-0.2351336960731002
AGE_10_14,AGE_20_24,-0.2350374746519854
AGE_20_24,AGE_10_14,-0.2350374746519854
AGE_UNDER5,AGE_35_44,-0.2338425068537094
AGE_35_44,AGE_UNDER5,-0.2338425068537094
CVD,covid_cases,0.2332181725927166
covid_cases,CVD,0.2332181725927166
HSEHLD_1_M,AMERI_ES,0.23298960740546035
AMERI_ES,HSEHLD_1_M,0.23298960740546035
HSEHLD_1_M,FEMALES,0.2328708137068868
FEMALES,HSEHLD_1_M,0.2328708137068868
RENTER_OCC,ASIAN,0.23199748263611575
ASIAN,RENTER_OCC,0.23199748263611575
AVE_HH_SZ,AGE_15_19,0.2315963358918655
AGE_15_19,AVE_HH_SZ,0.2315963358918655
covid_cases,WHITE,-0.23111378232048135
WHITE,covid_cases,-0.23111378232048135
ASIAN,AGE_35_44,0.2308793543324262
AGE_35_44,ASIAN,0.2308793543324262
AVE_FAM_SZ,CVD,-0.2304025199228278
CVD,AVE_FAM_SZ,-0.2304025199228278
covid_deaths,MARHH_NO_C,-0.2296743891867346
MARHH_NO_C,covid_deaths,-0.2296743891867346
AVE_FAM_SZ,MALES,-0.22951485574841182
MALES,AVE_FAM_SZ,-0.22951485574841182
Prevalence of obesity,HAWN_PI,-0.22853530878672187
HAWN_PI,Prevalence of obesity,-0.22853530878672187
HSE_UNITS,FHH_CHILD,0.22825843690805653
FHH_CHILD,HSE_UNITS,0.22825843690805653
AGE_5_9,AGE_65_74,-0.22809761418757346
AGE_65_74,AGE_5_9,-0.22809761418757346
AGE_15_19,covid_deaths,0.2280049743158235
covid_deaths,AGE_15_19,0.2280049743158235
MULT_RACE,FHH_CHILD,-0.22717935296517364
FHH_CHILD,MULT_RACE,-0.22717935296517364
AMERI_ES,population,-0.22701953758395124
population,AMERI_ES,-0.22701953758395124
AGE_10_14,MARHH_NO_C,0.22668301062378365
MARHH_NO_C,AGE_10_14,0.22668301062378365
FHH_CHILD,FAMILIES,0.22661605027511927
FAMILIES,FHH_CHILD,0.22661605027511927
FEMALES,AMERI_ES,-0.22568722185946744
AMERI_ES,FEMALES,-0.22568722185946744
POP13_SQMI,AGE_65_74,-0.2253284372924349
AGE_65_74,POP13_SQMI,-0.2253284372924349
OWNER_OCC,people_vaccinated,0.2245457712466877
people_vaccinated,OWNER_OCC,0.2245457712466877
ASIAN,VACANT,-0.22283911733086065
VACANT,ASIAN,-0.22283911733086065
AVE_FAM_SZ,MULT_RACE,0.22100154844298625
MULT_RACE,AVE_FAM_SZ,0.22100154844298625
population,HSEHLD_1_F,-0.22088443712917458
HSEHLD_1_F,population,-0.22088443712917458
BLACK,AGE_55_64,-0.2206120796057612
AGE_55_64,BLACK,-0.2206120796057612
WHITE,AGE_20_24,-0.22001381618543756
AGE_20_24,WHITE,-0.22001381618543756
Hypertension,covid_deaths,0.21811712775251818
covid_deaths,Hypertension,0.21811712775251818
Hypertension,AGE_75_84,0.21753096851625273
AGE_75_84,Hypertension,0.21753096851625273
Prevalence of obesity,population,-0.2174205568501634
population,Prevalence of obesity,-0.2174205568501634
covid_cases,HAWN_PI,-0.21703063884983184
HAWN_PI,covid_cases,-0.21703063884983184
HAWN_PI,FHH_CHILD,-0.21687253147027946
FHH_CHILD,HAWN_PI,-0.21687253147027946
HAWN_PI,HSEHLD_1_M,-0.21511991775647496
HSEHLD_1_M,HAWN_PI,-0.21511991775647496
AGE_15_19,AGE_85_UP,0.2148926548170173
AGE_85_UP,AGE_15_19,0.2148926548170173
AGE_85_UP,covid_cases,0.21485867669237682
covid_cases,AGE_85_UP,0.21485867669237682
RENTER_OCC,Prevalence of obesity,-0.21368408611840753
Prevalence of obesity,RENTER_OCC,-0.21368408611840753
FHH_CHILD,AGE_25_34,0.21316935028527928
AGE_25_34,FHH_CHILD,0.21316935028527928
MALES,OTHER,-0.2128132913541653
OTHER,MALES,-0.2128132913541653
HISPANIC,MALES,-0.2126903304026202
MALES,HISPANIC,-0.2126903304026202
OTHER,FEMALES,-0.21245266369749455
FEMALES,OTHER,-0.21245266369749455
people_vaccinated,FAMILIES,0.2105976623153892
FAMILIES,people_vaccinated,0.2105976623153892
VACANT,MALES,0.208822139204012
MALES,VACANT,0.208822139204012
HSE_UNITS,AGE_35_44,0.20829381560804544
AGE_35_44,HSE_UNITS,0.20829381560804544
AGE_25_34,people_vaccinated,-0.20758252242058933
people_vaccinated,AGE_25_34,-0.20758252242058933
OTHER,AGE_25_34,0.20616180058493525
AGE_25_34,OTHER,0.20616180058493525
AGE_20_24,OWNER_OCC,-0.2061345311651334
OWNER_OCC,AGE_20_24,-0.2061345311651334
AGE_20_24,covid_deaths,0.20556375726448567
covid_deaths,AGE_20_24,0.20556375726448567
HAWN_PI,Hypertension,-0.20476439398814258
Hypertension,HAWN_PI,-0.20476439398814258
AGE_15_19,HAWN_PI,-0.20458765843400156
HAWN_PI,AGE_15_19,-0.20458765843400156
BLACK,MULT_RACE,-0.20374465912320258
MULT_RACE,BLACK,-0.20374465912320258
Prevalence of obesity,VACANT,0.20238941201209396
VACANT,Prevalence of obesity,0.20238941201209396
HOUSEHOLDS,RENTER_OCC,0.20233121351575994
RENTER_OCC,HOUSEHOLDS,0.20233121351575994
people_vaccinated,HSEHLD_1_M,0.2014612495921539
HSEHLD_1_M,people_vaccinated,0.2014612495921539
AMERI_ES,AGE_65_74,-0.1997846733812136
AGE_65_74,AMERI_ES,-0.1997846733812136
AGE_20_24,HOUSEHOLDS,0.199643214834633
HOUSEHOLDS,AGE_20_24,0.199643214834633
FHH_CHILD,ASIAN,-0.19894140671335692
ASIAN,FHH_CHILD,-0.19894140671335692
CVD,MHH_CHILD,-0.19866632578779417
MHH_CHILD,CVD,-0.19866632578779417
HSEHLD_1_F,AMERI_ES,-0.19730152291954156
AMERI_ES,HSEHLD_1_F,-0.19730152291954156
MULT_RACE,HSEHLD_1_M,-0.19644399243914604
HSEHLD_1_M,MULT_RACE,-0.19644399243914604
AVE_HH_SZ,people_vaccinated,-0.19495000825537315
people_vaccinated,AVE_HH_SZ,-0.19495000825537315
MHH_CHILD,HSEHLD_1_M,0.1941778019321286
HSEHLD_1_M,MHH_CHILD,0.1941778019321286
AGE_15_19,MULT_RACE,-0.19361517863946293
MULT_RACE,AGE_15_19,-0.19361517863946293
POP13_SQMI,AGE_45_54,-0.1935352202267576
AGE_45_54,POP13_SQMI,-0.1935352202267576
AGE_5_9,AMERI_ES,0.19333807824172689
AMERI_ES,AGE_5_9,0.19333807824172689
MARHH_CHD,people_vaccinated,0.19169429473101476
people_vaccinated,MARHH_CHD,0.19169429473101476
RENTER_OCC,MHH_CHILD,-0.19017064920360807
MHH_CHILD,RENTER_OCC,-0.19017064920360807
AGE_5_9,Prevalence of obesity,0.1892218365722063
Prevalence of obesity,AGE_5_9,0.1892218365722063
people_vaccinated,MULT_RACE,0.18897842648394766
MULT_RACE,people_vaccinated,0.18897842648394766
HIV/AIDS,population,0.18860424429070202
population,HIV/AIDS,0.18860424429070202
covid_cases,MULT_RACE,-0.1883636115129227
MULT_RACE,covid_cases,-0.1883636115129227
ASIAN,AGE_25_34,0.18718854335433383
AGE_25_34,ASIAN,0.18718854335433383
FAMILIES,HAWN_PI,-0.18705916800441558
HAWN_PI,FAMILIES,-0.18705916800441558
AGE_5_9,BLACK,-0.1870242800564438
BLACK,AGE_5_9,-0.1870242800564438
MARHH_CHD,AVE_FAM_SZ,0.18676006177853094
AVE_FAM_SZ,MARHH_CHD,0.18676006177853094
AGE_25_34,covid_deaths,0.18669485487315177
covid_deaths,AGE_25_34,0.18669485487315177
Hypertension,OTHER,0.18583320190553398
OTHER,Hypertension,0.18583320190553398
FEMALES,AVE_HH_SZ,-0.1858026249627009
AVE_HH_SZ,FEMALES,-0.1858026249627009
HISPANIC,ASIAN,0.18571706272002245
ASIAN,HISPANIC,0.18571706272002245
OTHER,AGE_5_9,0.18529820476746625
AGE_5_9,OTHER,0.18529820476746625
HIV/AIDS,FAMILIES,0.1852312709042129
FAMILIES,HIV/AIDS,0.1852312709042129
MHH_CHILD,HISPANIC,0.18508778173522805
HISPANIC,MHH_CHILD,0.18508778173522805
MHH_CHILD,AGE_20_24,-0.18490185100715892
AGE_20_24,MHH_CHILD,-0.18490185100715892
Diabetes,AVE_FAM_SZ,-0.18457608821733607
AVE_FAM_SZ,Diabetes,-0.18457608821733607
MARHH_NO_C,HAWN_PI,-0.18417268409636234
HAWN_PI,MARHH_NO_C,-0.18417268409636234
WHITE,HIV/AIDS,-0.18416443039350305
HIV/AIDS,WHITE,-0.18416443039350305
OTHER,covid_deaths,0.1841015571648628
covid_deaths,OTHER,0.1841015571648628
VACANT,HSEHLD_1_F,0.18397790292548044
HSEHLD_1_F,VACANT,0.18397790292548044
covid_cases,HISPANIC,0.1831835560305612
HISPANIC,covid_cases,0.1831835560305612
AGE_UNDER5,MALES,0.1825373593679042
MALES,AGE_UNDER5,0.1825373593679042
FEMALES,AGE_20_24,0.18236428798697546
AGE_20_24,FEMALES,0.18236428798697546
AGE_20_24,AGE_5_9,-0.18225100890934165
AGE_5_9,AGE_20_24,-0.18225100890934165
people_vaccinated,AVE_FAM_SZ,-0.18197332781293077
AVE_FAM_SZ,people_vaccinated,-0.18197332781293077
AGE_15_19,covid_cases,0.18174697198549494
covid_cases,AGE_15_19,0.18174697198549494
RENTER_OCC,AGE_35_44,0.18085463231072246
AGE_35_44,RENTER_OCC,0.18085463231072246
people_vaccinated,AGE_65_74,0.1803226361660502
AGE_65_74,people_vaccinated,0.1803226361660502
AGE_UNDER5,covid_cases,-0.17979368515586494
covid_cases,AGE_UNDER5,-0.17979368515586494
AGE_25_34,MULT_RACE,0.17971376221153204
MULT_RACE,AGE_25_34,0.17971376221153204
MHH_CHILD,AGE_25_34,-0.17970403188906833
AGE_25_34,MHH_CHILD,-0.17970403188906833
covid_deaths,people_vaccinated,0.1790705309074186
people_vaccinated,covid_deaths,0.1790705309074186
population,AGE_65_74,-0.17864386385899012
AGE_65_74,population,-0.17864386385899012
HIV/AIDS,covid_cases,0.17812396103139427
covid_cases,HIV/AIDS,0.17812396103139427
VACANT,MARHH_CHD,-0.17805484846973021
MARHH_CHD,VACANT,-0.17805484846973021
FAMILIES,HSEHLD_1_F,0.17777892233219392
HSEHLD_1_F,FAMILIES,0.17777892233219392
RENTER_OCC,MULT_RACE,0.1770354443943168
MULT_RACE,RENTER_OCC,0.1770354443943168
covid_deaths,CVD,0.17683012927601563
CVD,covid_deaths,0.17683012927601563
AGE_15_19,AGE_65_74,0.17659477401101698
AGE_65_74,AGE_15_19,0.17659477401101698
AVE_FAM_SZ,AMERI_ES,0.17644822773721092
AMERI_ES,AVE_FAM_SZ,0.17644822773721092
Diabetes,VACANT,0.1762709932188073
VACANT,Diabetes,0.1762709932188073
OTHER,AGE_UNDER5,0.17612998235720373
AGE_UNDER5,OTHER,0.17612998235720373
people_vaccinated,population,-0.17560851807812244
population,people_vaccinated,-0.17560851807812244
covid_deaths,Prevalence of obesity,-0.17530188812845549
Prevalence of obesity,covid_deaths,-0.17530188812845549
AVE_HH_SZ,ASIAN,0.17520357419671925
ASIAN,AVE_HH_SZ,0.17520357419671925
CVD,AGE_85_UP,0.1748113017832527
AGE_85_UP,CVD,0.1748113017832527
AVE_FAM_SZ,HAWN_PI,0.17442947689018024
HAWN_PI,AVE_FAM_SZ,0.17442947689018024
MHH_CHILD,HSEHLD_1_F,-0.1742277296626933
HSEHLD_1_F,MHH_CHILD,-0.1742277296626933
MHH_CHILD,FEMALES,0.17410298526339898
FEMALES,MHH_CHILD,0.17410298526339898
MARHH_CHD,MHH_CHILD,0.17409174934200583
MHH_CHILD,MARHH_CHD,0.17409174934200583
AGE_55_64,AGE_5_9,-0.17338558471012072
AGE_5_9,AGE_55_64,-0.17338558471012072
population,covid_cases,0.17325039612646054
covid_cases,population,0.17325039612646054
AGE_UNDER5,CVD,-0.17306291348976363
CVD,AGE_UNDER5,-0.17306291348976363
covid_deaths,HIV/AIDS,0.17271731359101347
HIV/AIDS,covid_deaths,0.17271731359101347
VACANT,POP13_SQMI,-0.1726747509238221
POP13_SQMI,VACANT,-0.1726747509238221
AGE_25_34,AGE_10_14,-0.17217892294264103
AGE_10_14,AGE_25_34,-0.17217892294264103
covid_cases,AGE_55_64,-0.17209003591317637
AGE_55_64,covid_cases,-0.17209003591317637
AGE_20_24,HIV/AIDS,-0.17189941015464003
HIV/AIDS,AGE_20_24,-0.17189941015464003
BLACK,AVE_FAM_SZ,0.17075525827362387
AVE_FAM_SZ,BLACK,0.17075525827362387
AGE_35_44,Prevalence of obesity,0.1706938464588249
Prevalence of obesity,AGE_35_44,0.1706938464588249
HSEHLD_1_M,FHH_CHILD,0.16973567365637024
FHH_CHILD,HSEHLD_1_M,0.16973567365637024
AGE_75_84,covid_deaths,0.16936268024408652
covid_deaths,AGE_75_84,0.16936268024408652
VACANT,AGE_20_24,-0.16920330241800444
AGE_20_24,VACANT,-0.16920330241800444
AGE_15_19,people_vaccinated,0.16860306301027272
people_vaccinated,AGE_15_19,0.16860306301027272
FEMALES,BLACK,0.16857886220003995
BLACK,FEMALES,0.16857886220003995
BLACK,OWNER_OCC,-0.16843772901193638
OWNER_OCC,BLACK,-0.16843772901193638
population,FAMILIES,-0.16803909124840694
FAMILIES,population,-0.16803909124840694
AGE_5_9,WHITE,0.16773914978331486
WHITE,AGE_5_9,0.16773914978331486
covid_deaths,population,0.16757972663710594
population,covid_deaths,0.16757972663710594
HISPANIC,AMERI_ES,0.16756388917181725
AMERI_ES,HISPANIC,0.16756388917181725
POP13_SQMI,Hypertension,0.16697314899824528
Hypertension,POP13_SQMI,0.16697314899824528
BLACK,AGE_10_14,-0.16665388633515185
AGE_10_14,BLACK,-0.16665388633515185
RENTER_OCC,OTHER,0.165595688074814
OTHER,RENTER_OCC,0.165595688074814
AMERI_ES,MULT_RACE,0.16553858176529662
MULT_RACE,AMERI_ES,0.16553858176529662
ASIAN,AGE_15_19,-0.1654593800317116
AGE_15_19,ASIAN,-0.1654593800317116
ASIAN,population,0.16521223312668198
population,ASIAN,0.16521223312668198
BLACK,HAWN_PI,-0.16174307503887903
HAWN_PI,BLACK,-0.16174307503887903
population,MHH_CHILD,-0.16123387238025105
MHH_CHILD,population,-0.16123387238025105
AGE_35_44,CVD,0.16121368399716235
CVD,AGE_35_44,0.16121368399716235
MARHH_CHD,Hypertension,-0.16056720039600478
Hypertension,MARHH_CHD,-0.16056720039600478
FHH_CHILD,MARHH_NO_C,-0.16052988554947487
MARHH_NO_C,FHH_CHILD,-0.16052988554947487
HSEHLD_1_M,Hypertension,-0.15988135851016322
Hypertension,HSEHLD_1_M,-0.15988135851016322
population,MALES,-0.1596321039339985
MALES,population,-0.1596321039339985
AGE_UNDER5,people_vaccinated,-0.15957640860835282
people_vaccinated,AGE_UNDER5,-0.15957640860835282
HSEHLD_1_F,MALES,0.15892614076192274
MALES,HSEHLD_1_F,0.15892614076192274
OWNER_OCC,AGE_35_44,0.15879364364100754
AGE_35_44,OWNER_OCC,0.15879364364100754
HISPANIC,AGE_5_9,0.15823581179640886
AGE_5_9,HISPANIC,0.15823581179640886
CVD,HSE_UNITS,0.1577244353757526
HSE_UNITS,CVD,0.1577244353757526
RENTER_OCC,AGE_15_19,-0.1567328392586076
AGE_15_19,RENTER_OCC,-0.1567328392586076
HSEHLD_1_F,AGE_35_44,0.15650980646072063
AGE_35_44,HSEHLD_1_F,0.15650980646072063
AGE_25_34,HSEHLD_1_F,0.1562504219463783
HSEHLD_1_F,AGE_25_34,0.1562504219463783
RENTER_OCC,VACANT,-0.15522998304199245
VACANT,RENTER_OCC,-0.15522998304199245
AGE_UNDER5,HISPANIC,0.15511118786250452
HISPANIC,AGE_UNDER5,0.15511118786250452
CVD,population,0.15504786596442685
population,CVD,0.15504786596442685
FAMILIES,Hypertension,0.15493530869488395
Hypertension,FAMILIES,0.15493530869488395
AGE_85_UP,MHH_CHILD,-0.1542848860917081
MHH_CHILD,AGE_85_UP,-0.1542848860917081
AGE_25_34,Diabetes,-0.15400449597797405
Diabetes,AGE_25_34,-0.15400449597797405
VACANT,FEMALES,0.15379155298213337
FEMALES,VACANT,0.15379155298213337
people_vaccinated,Prevalence of obesity,-0.15326491740692022
Prevalence of obesity,people_vaccinated,-0.15326491740692022
covid_deaths,AVE_FAM_SZ,0.1527838775445197
AVE_FAM_SZ,covid_deaths,0.1527838775445197
FHH_CHILD,AGE_45_54,0.15210730272551312
AGE_45_54,FHH_CHILD,0.15210730272551312
BLACK,AGE_75_84,-0.1516394542327806
AGE_75_84,BLACK,-0.1516394542327806
POP13_SQMI,AMERI_ES,-0.1510155400020564
AMERI_ES,POP13_SQMI,-0.1510155400020564
AGE_15_19,Hypertension,0.15056968598982468
Hypertension,AGE_15_19,0.15056968598982468
OTHER,ASIAN,0.15029617318117955
ASIAN,OTHER,0.15029617318117955
AGE_25_34,Prevalence of obesity,-0.1497801992495064
Prevalence of obesity,AGE_25_34,-0.1497801992495064
AGE_25_34,HOUSEHOLDS,-0.14967893393437584
HOUSEHOLDS,AGE_25_34,-0.14967893393437584
AGE_75_84,AGE_35_44,0.1496193644837386
AGE_35_44,AGE_75_84,0.1496193644837386
AGE_10_14,Diabetes,0.14930556074596787
Diabetes,AGE_10_14,0.14930556074596787
FHH_CHILD,AMERI_ES,-0.14875200209693332
AMERI_ES,FHH_CHILD,-0.14875200209693332
MHH_CHILD,Hypertension,-0.1485047405919067
Hypertension,MHH_CHILD,-0.1485047405919067
HSE_UNITS,covid_cases,-0.14843587212863685
covid_cases,HSE_UNITS,-0.14843587212863685
AGE_5_9,OWNER_OCC,0.147690900878442
OWNER_OCC,AGE_5_9,0.147690900878442
covid_cases,Prevalence of obesity,-0.14742171559465098
Prevalence of obesity,covid_cases,-0.14742171559465098
AGE_10_14,OTHER,0.14691918569914186
OTHER,AGE_10_14,0.14691918569914186
OWNER_OCC,covid_deaths,-0.1468520002510692
covid_deaths,OWNER_OCC,-0.1468520002510692
covid_deaths,AGE_5_9,-0.1458708421022008
AGE_5_9,covid_deaths,-0.1458708421022008
CVD,WHITE,0.14486018496189298
WHITE,CVD,0.14486018496189298
AGE_25_34,HIV/AIDS,-0.14473919769946061
HIV/AIDS,AGE_25_34,-0.14473919769946061
VACANT,people_vaccinated,0.1447158533362112
people_vaccinated,VACANT,0.1447158533362112
people_vaccinated,ASIAN,0.14438615022836573
ASIAN,people_vaccinated,0.14438615022836573
HIV/AIDS,AGE_75_84,0.143402237705462
AGE_75_84,HIV/AIDS,0.143402237705462
CVD,AGE_15_19,0.14338084598844045
AGE_15_19,CVD,0.14338084598844045
AGE_85_UP,RENTER_OCC,0.14335981487459715
RENTER_OCC,AGE_85_UP,0.14335981487459715
HSEHLD_1_F,people_vaccinated,0.1427768284824172
people_vaccinated,HSEHLD_1_F,0.1427768284824172
covid_deaths,HAWN_PI,-0.14272062242464933
HAWN_PI,covid_deaths,-0.14272062242464933
AGE_25_34,HISPANIC,0.14227531649903322
HISPANIC,AGE_25_34,0.14227531649903322
AGE_10_14,VACANT,-0.13909188169936465
VACANT,AGE_10_14,-0.13909188169936465
Prevalence of obesity,MARHH_CHD,0.13816285788874114
MARHH_CHD,Prevalence of obesity,0.13816285788874114
HIV/AIDS,AGE_15_19,0.13795092731066655
AGE_15_19,HIV/AIDS,0.13795092731066655
WHITE,covid_deaths,-0.13790113807447596
covid_deaths,WHITE,-0.13790113807447596
people_vaccinated,HISPANIC,0.13769568993425405
HISPANIC,people_vaccinated,0.13769568993425405
Prevalence of obesity,AVE_HH_SZ,-0.13740246570287887
AVE_HH_SZ,Prevalence of obesity,-0.13740246570287887
covid_cases,MARHH_CHD,-0.13697537658544615
MARHH_CHD,covid_cases,-0.13697537658544615
covid_deaths,HISPANIC,0.13651452379349474
HISPANIC,covid_deaths,0.13651452379349474
POP13_SQMI,Diabetes,-0.13646264244125816
Diabetes,POP13_SQMI,-0.13646264244125816
Hypertension,HOUSEHOLDS,0.13606666159726058
HOUSEHOLDS,Hypertension,0.13606666159726058
MARHH_CHD,AGE_55_64,0.13572659115556815
AGE_55_64,MARHH_CHD,0.13572659115556815
Prevalence of obesity,AGE_UNDER5,0.13541905805340984
AGE_UNDER5,Prevalence of obesity,0.13541905805340984
AGE_85_UP,Prevalence of obesity,0.13409175172250398
Prevalence of obesity,AGE_85_UP,0.13409175172250398
covid_deaths,HOUSEHOLDS,0.1340290243965773
HOUSEHOLDS,covid_deaths,0.1340290243965773
MHH_CHILD,AVE_FAM_SZ,-0.13392862874868963
AVE_FAM_SZ,MHH_CHILD,-0.13392862874868963
AVE_HH_SZ,MULT_RACE,0.13381855607267443
MULT_RACE,AVE_HH_SZ,0.13381855607267443
population,AGE_20_24,-0.13343723594898138
AGE_20_24,population,-0.13343723594898138
AMERI_ES,MALES,0.13342332552358077
MALES,AMERI_ES,0.13342332552358077
BLACK,FAMILIES,-0.1325569243762509
FAMILIES,BLACK,-0.1325569243762509
BLACK,HISPANIC,-0.13198155085936777
HISPANIC,BLACK,-0.13198155085936777
MULT_RACE,HISPANIC,0.13179747125387895
HISPANIC,MULT_RACE,0.13179747125387895
AMERI_ES,AGE_20_24,0.13099292436804408
AGE_20_24,AMERI_ES,0.13099292436804408
MHH_CHILD,OTHER,0.13094304665064785
OTHER,MHH_CHILD,0.13094304665064785
AGE_UNDER5,MARHH_NO_C,-0.13079900063527014
MARHH_NO_C,AGE_UNDER5,-0.13079900063527014
HISPANIC,AGE_20_24,-0.1307328874611359
AGE_20_24,HISPANIC,-0.1307328874611359
MARHH_NO_C,CVD,0.12998976724864203
CVD,MARHH_NO_C,0.12998976724864203
HIV/AIDS,MHH_CHILD,-0.12995663102873983
MHH_CHILD,HIV/AIDS,-0.12995663102873983
HISPANIC,Hypertension,0.1295323287333508
Hypertension,HISPANIC,0.1295323287333508
AGE_5_9,covid_cases,-0.12894899440542917
covid_cases,AGE_5_9,-0.12894899440542917
FEMALES,AGE_UNDER5,-0.12866376162426424
AGE_UNDER5,FEMALES,-0.12866376162426424
AGE_10_14,population,0.1275715684136826
population,AGE_10_14,0.1275715684136826
AGE_75_84,POP13_SQMI,-0.1271292733722207
POP13_SQMI,AGE_75_84,-0.1271292733722207
people_vaccinated,AGE_35_44,0.12691275894857956
AGE_35_44,people_vaccinated,0.12691275894857956
BLACK,VACANT,-0.12398795702139709
VACANT,BLACK,-0.12398795702139709
HSE_UNITS,MARHH_CHD,-0.12346020667744659
MARHH_CHD,HSE_UNITS,-0.12346020667744659
AGE_15_19,AVE_FAM_SZ,0.12319550055186751
AVE_FAM_SZ,AGE_15_19,0.12319550055186751
MHH_CHILD,Diabetes,0.122988625315418
Diabetes,MHH_CHILD,0.122988625315418
AGE_85_UP,AGE_10_14,-0.12228803641030814
AGE_10_14,AGE_85_UP,-0.12228803641030814
VACANT,AMERI_ES,0.12221404415415056
AMERI_ES,VACANT,0.12221404415415056
FAMILIES,covid_cases,-0.12125783012772057
covid_cases,FAMILIES,-0.12125783012772057
BLACK,population,0.12049289830333047
population,BLACK,0.12049289830333047
HAWN_PI,AGE_25_34,0.12030477789816493
AGE_25_34,HAWN_PI,0.12030477789816493
BLACK,AGE_UNDER5,-0.11992613490189297
AGE_UNDER5,BLACK,-0.11992613490189297
MARHH_CHD,CVD,-0.11846241766057848
CVD,MARHH_CHD,-0.11846241766057848
AVE_HH_SZ,HAWN_PI,0.11762528840527332
HAWN_PI,AVE_HH_SZ,0.11762528840527332
AGE_35_44,HSEHLD_1_M,-0.11708016077803954
HSEHLD_1_M,AGE_35_44,-0.11708016077803954
FEMALES,AGE_5_9,0.11667198199769363
AGE_5_9,FEMALES,0.11667198199769363
HIV/AIDS,MULT_RACE,-0.11638518048047677
MULT_RACE,HIV/AIDS,-0.11638518048047677
population,AGE_45_54,-0.11636638961838096
AGE_45_54,population,-0.11636638961838096
Hypertension,ASIAN,-0.11590448704710254
ASIAN,Hypertension,-0.11590448704710254
AGE_20_24,Hypertension,-0.11458074325919247
Hypertension,AGE_20_24,-0.11458074325919247
AMERI_ES,OTHER,0.11403732293113468
OTHER,AMERI_ES,0.11403732293113468
MARHH_CHD,HIV/AIDS,-0.11395171689147861
HIV/AIDS,MARHH_CHD,-0.11395171689147861
BLACK,AGE_45_54,-0.1132685017207481
AGE_45_54,BLACK,-0.1132685017207481
AGE_10_14,HISPANIC,0.11310438377458916
HISPANIC,AGE_10_14,0.11310438377458916
VACANT,MULT_RACE,-0.11191095853372524
MULT_RACE,VACANT,-0.11191095853372524
covid_deaths,MALES,0.11091609308375697
MALES,covid_deaths,0.11091609308375697
AGE_85_UP,FHH_CHILD,-0.11010437743265093
FHH_CHILD,AGE_85_UP,-0.11010437743265093
CVD,AGE_25_34,-0.10988729891277366
AGE_25_34,CVD,-0.10988729891277366
RENTER_OCC,AGE_65_74,-0.10974858674319776
AGE_65_74,RENTER_OCC,-0.10974858674319776
VACANT,HIV/AIDS,0.1094309863046643
HIV/AIDS,VACANT,0.1094309863046643
population,AGE_85_UP,-0.10861813941947028
AGE_85_UP,population,-0.10861813941947028
FHH_CHILD,MALES,0.10858266826068164
MALES,FHH_CHILD,0.10858266826068164
RENTER_OCC,HISPANIC,0.10836363486555277
HISPANIC,RENTER_OCC,0.10836363486555277
AVE_HH_SZ,CVD,-0.10781518801201159
CVD,AVE_HH_SZ,-0.10781518801201159
AGE_20_24,AVE_FAM_SZ,0.10773473594364785
AVE_FAM_SZ,AGE_20_24,0.10773473594364785
FHH_CHILD,OWNER_OCC,0.1075634075404212
OWNER_OCC,FHH_CHILD,0.1075634075404212
population,AGE_75_84,-0.10580709815239416
AGE_75_84,population,-0.10580709815239416
ASIAN,AGE_65_74,-0.10555323024893766
AGE_65_74,ASIAN,-0.10555323024893766
AGE_20_24,AGE_55_64,-0.10534276940766296
AGE_55_64,AGE_20_24,-0.10534276940766296
OTHER,HIV/AIDS,0.10483063267415317
HIV/AIDS,OTHER,0.10483063267415317
AGE_35_44,OTHER,0.104784360618892
OTHER,AGE_35_44,0.104784360618892
AGE_25_34,AMERI_ES,0.10456048995431906
AMERI_ES,AGE_25_34,0.10456048995431906
AGE_25_34,MALES,-0.10338769067174813
MALES,AGE_25_34,-0.10338769067174813
OWNER_OCC,Hypertension,0.10298335463724244
Hypertension,OWNER_OCC,0.10298335463724244
RENTER_OCC,FEMALES,0.10250695726838496
FEMALES,RENTER_OCC,0.10250695726838496
AGE_55_64,HIV/AIDS,0.10235383345077036
HIV/AIDS,AGE_55_64,0.10235383345077036
OWNER_OCC,HIV/AIDS,0.10123317034913507
HIV/AIDS,OWNER_OCC,0.10123317034913507
MULT_RACE,Diabetes,-0.10117783407444933
Diabetes,MULT_RACE,-0.10117783407444933
BLACK,OTHER,-0.1001060020228808
OTHER,BLACK,-0.1001060020228808
AVE_FAM_SZ,RENTER_OCC,-0.10005039755224747
RENTER_OCC,AVE_FAM_SZ,-0.10005039755224747
AMERI_ES,AGE_10_14,0.09992201823496992
AGE_10_14,AMERI_ES,0.09992201823496992
people_vaccinated,OTHER,0.09947115517431344
OTHER,people_vaccinated,0.09947115517431344
HIV/AIDS,RENTER_OCC,-0.09911745982238768
RENTER_OCC,HIV/AIDS,-0.09911745982238768
covid_cases,AGE_75_84,0.09899140681618468
AGE_75_84,covid_cases,0.09899140681618468
covid_deaths,MULT_RACE,-0.09849200414579963
MULT_RACE,covid_deaths,-0.09849200414579963
AGE_65_74,MULT_RACE,-0.09848622020384146
MULT_RACE,AGE_65_74,-0.09848622020384146
MALES,AGE_20_24,0.09774274112128367
AGE_20_24,MALES,0.09774274112128367
population,HAWN_PI,-0.09646544634157193
HAWN_PI,population,-0.09646544634157193
AGE_35_44,AGE_85_UP,0.09623975277817311
AGE_85_UP,AGE_35_44,0.09623975277817311
AGE_85_UP,Diabetes,0.09623503386004441
Diabetes,AGE_85_UP,0.09623503386004441
BLACK,ASIAN,-0.09543681267835422
ASIAN,BLACK,-0.09543681267835422
ASIAN,covid_deaths,0.09527334517801044
covid_deaths,ASIAN,0.09527334517801044
Prevalence of obesity,HIV/AIDS,0.09525630730294461
HIV/AIDS,Prevalence of obesity,0.09525630730294461
HSE_UNITS,AGE_10_14,-0.09486934182566441
AGE_10_14,HSE_UNITS,-0.09486934182566441
MULT_RACE,MALES,0.093519401449549
MALES,MULT_RACE,0.093519401449549
AGE_55_64,FHH_CHILD,0.0929763557372716
FHH_CHILD,AGE_55_64,0.0929763557372716
POP13_SQMI,people_vaccinated,-0.09265124670423061
people_vaccinated,POP13_SQMI,-0.09265124670423061
MHH_CHILD,ASIAN,-0.09214015583641406
ASIAN,MHH_CHILD,-0.09214015583641406
ASIAN,AMERI_ES,-0.0920032911185066
AMERI_ES,ASIAN,-0.0920032911185066
HAWN_PI,RENTER_OCC,0.09182703686225786
RENTER_OCC,HAWN_PI,0.09182703686225786
MULT_RACE,MHH_CHILD,0.09180723252478942
MHH_CHILD,MULT_RACE,0.09180723252478942
AGE_75_84,FHH_CHILD,0.09031519446315892
FHH_CHILD,AGE_75_84,0.09031519446315892
Prevalence of obesity,AGE_20_24,0.09027677204338798
AGE_20_24,Prevalence of obesity,0.09027677204338798
FHH_CHILD,AGE_10_14,0.08994411097486475
AGE_10_14,FHH_CHILD,0.08994411097486475
FAMILIES,AVE_HH_SZ,-0.08985047488914373
AVE_HH_SZ,FAMILIES,-0.08985047488914373
CVD,AGE_20_24,-0.0895791705096718
AGE_20_24,CVD,-0.0895791705096718
HIV/AIDS,AGE_45_54,0.08956395486289345
AGE_45_54,HIV/AIDS,0.08956395486289345
ASIAN,POP13_SQMI,0.08875817054128655
POP13_SQMI,ASIAN,0.08875817054128655
AGE_10_14,HAWN_PI,-0.08824607756127202
HAWN_PI,AGE_10_14,-0.08824607756127202
RENTER_OCC,Diabetes,-0.08745233854774934
Diabetes,RENTER_OCC,-0.08745233854774934
AGE_65_74,covid_cases,-0.08711685623866973
covid_cases,AGE_65_74,-0.08711685623866973
HSEHLD_1_M,FAMILIES,0.08668397105998814
FAMILIES,HSEHLD_1_M,0.08668397105998814
Hypertension,Prevalence of obesity,0.08644054188884305
Prevalence of obesity,Hypertension,0.08644054188884305
AGE_10_14,ASIAN,-0.08605128495445422
ASIAN,AGE_10_14,-0.08605128495445422
Diabetes,ASIAN,-0.08588593252318742
ASIAN,Diabetes,-0.08588593252318742
MALES,AVE_HH_SZ,-0.08573445771263731
AVE_HH_SZ,MALES,-0.08573445771263731
Hypertension,HSE_UNITS,0.08571057318027603
HSE_UNITS,Hypertension,0.08571057318027603
CVD,MALES,-0.08553993849948127
MALES,CVD,-0.08553993849948127
HIV/AIDS,HISPANIC,0.08537284795708126
HISPANIC,HIV/AIDS,0.08537284795708126
FEMALES,MULT_RACE,-0.08505785591403021
MULT_RACE,FEMALES,-0.08505785591403021
AGE_75_84,AGE_20_24,-0.08413904757260882
AGE_20_24,AGE_75_84,-0.08413904757260882
AGE_45_54,covid_cases,0.08336299115751578
covid_cases,AGE_45_54,0.08336299115751578
AGE_5_9,Hypertension,-0.0823377119400587
Hypertension,AGE_5_9,-0.0823377119400587
AGE_85_UP,ASIAN,0.08164226700135503
ASIAN,AGE_85_UP,0.08164226700135503
AVE_HH_SZ,HIV/AIDS,0.08147073285117996
HIV/AIDS,AVE_HH_SZ,0.08147073285117996
AGE_UNDER5,FAMILIES,0.08123168603789693
FAMILIES,AGE_UNDER5,0.08123168603789693
AGE_25_34,FEMALES,-0.08062195973705691
FEMALES,AGE_25_34,-0.08062195973705691
RENTER_OCC,MALES,-0.07972385247998755
MALES,RENTER_OCC,-0.07972385247998755
POP13_SQMI,AVE_FAM_SZ,0.07956557727169244
AVE_FAM_SZ,POP13_SQMI,0.07956557727169244
HIV/AIDS,HSE_UNITS,0.07927413779989448
HSE_UNITS,HIV/AIDS,0.07927413779989448
POP13_SQMI,CVD,0.07905337035609798
CVD,POP13_SQMI,0.07905337035609798
AGE_5_9,people_vaccinated,-0.078906659859103
people_vaccinated,AGE_5_9,-0.078906659859103
RENTER_OCC,HSE_UNITS,0.07874942301698495
HSE_UNITS,RENTER_OCC,0.07874942301698495
AGE_55_64,AGE_10_14,0.07867042170684507
AGE_10_14,AGE_55_64,0.07867042170684507
HAWN_PI,people_vaccinated,0.07776794778082716
people_vaccinated,HAWN_PI,0.07776794778082716
AGE_10_14,MULT_RACE,-0.07757041998328804
MULT_RACE,AGE_10_14,-0.07757041998328804
OTHER,AGE_20_24,-0.07724667769947323
AGE_20_24,OTHER,-0.07724667769947323
RENTER_OCC,population,0.07715033353394757
population,RENTER_OCC,0.07715033353394757
POP13_SQMI,OTHER,0.07667079677661692
OTHER,POP13_SQMI,0.07667079677661692
MALES,HAWN_PI,0.07624580000814898
HAWN_PI,MALES,0.07624580000814898
AMERI_ES,FAMILIES,-0.07563196413698535
FAMILIES,AMERI_ES,-0.07563196413698535
ASIAN,AGE_5_9,-0.07507710619482989
AGE_5_9,ASIAN,-0.07507710619482989
AVE_FAM_SZ,Hypertension,-0.07460513934335503
Hypertension,AVE_FAM_SZ,-0.07460513934335503
OTHER,HAWN_PI,-0.07442200517422368
HAWN_PI,OTHER,-0.07442200517422368
MULT_RACE,AGE_75_84,-0.07274424664961136
AGE_75_84,MULT_RACE,-0.07274424664961136
MULT_RACE,AGE_UNDER5,0.07271623229320832
AGE_UNDER5,MULT_RACE,0.07271623229320832
population,FHH_CHILD,0.07239413006878244
FHH_CHILD,population,0.07239413006878244
RENTER_OCC,people_vaccinated,0.07239325833454853
people_vaccinated,RENTER_OCC,0.07239325833454853
AVE_HH_SZ,covid_cases,0.07219281214801027
covid_cases,AVE_HH_SZ,0.07219281214801027
HIV/AIDS,HSEHLD_1_F,0.0720249081618579
HSEHLD_1_F,HIV/AIDS,0.0720249081618579
AGE_20_24,AGE_35_44,-0.07121078525206528
AGE_35_44,AGE_20_24,-0.07121078525206528
HSE_UNITS,AGE_20_24,0.070555619151177
AGE_20_24,HSE_UNITS,0.070555619151177
MALES,covid_cases,-0.07010048772648608
covid_cases,MALES,-0.07010048772648608
AGE_UNDER5,Diabetes,-0.06996122982424514
Diabetes,AGE_UNDER5,-0.06996122982424514
AGE_45_54,HAWN_PI,-0.06964854031148796
HAWN_PI,AGE_45_54,-0.06964854031148796
ASIAN,MALES,0.06920362190445625
MALES,ASIAN,0.06920362190445625
AGE_UNDER5,OWNER_OCC,-0.06902910200493577
OWNER_OCC,AGE_UNDER5,-0.06902910200493577
Hypertension,MALES,-0.06865314791948592
MALES,Hypertension,-0.06865314791948592
VACANT,AGE_85_UP,0.06853448161443514
AGE_85_UP,VACANT,0.06853448161443514
AGE_5_9,MARHH_NO_C,0.06741493751651932
MARHH_NO_C,AGE_5_9,0.06741493751651932
HAWN_PI,VACANT,-0.06696266988041948
VACANT,HAWN_PI,-0.06696266988041948
HAWN_PI,FEMALES,-0.06596919331266353
FEMALES,HAWN_PI,-0.06596919331266353
AGE_85_UP,Hypertension,0.06554821030578795
Hypertension,AGE_85_UP,0.06554821030578795
AGE_35_44,MARHH_NO_C,0.06528861277735896
MARHH_NO_C,AGE_35_44,0.06528861277735896
AGE_20_24,AGE_85_UP,0.06463112472040276
AGE_85_UP,AGE_20_24,0.06463112472040276
AGE_15_19,HSEHLD_1_F,0.06424168854887129
HSEHLD_1_F,AGE_15_19,0.06424168854887129
MALES,HIV/AIDS,-0.06423938897131577
HIV/AIDS,MALES,-0.06423938897131577
OTHER,MULT_RACE,0.06386116460994169
MULT_RACE,OTHER,0.06386116460994169
AGE_45_54,AMERI_ES,-0.0629381619115355
AMERI_ES,AGE_45_54,-0.0629381619115355
AGE_35_44,POP13_SQMI,0.0628527903776861
POP13_SQMI,AGE_35_44,0.0628527903776861
AVE_HH_SZ,AMERI_ES,0.06270248460101346
AMERI_ES,AVE_HH_SZ,0.06270248460101346
AGE_UNDER5,HAWN_PI,0.06268974175487511
HAWN_PI,AGE_UNDER5,0.06268974175487511
AGE_10_14,HIV/AIDS,0.06250708276287174
HIV/AIDS,AGE_10_14,0.06250708276287174
AGE_75_84,MHH_CHILD,0.061548084232467215
MHH_CHILD,AGE_75_84,0.061548084232467215
BLACK,HSEHLD_1_M,0.06070751168391272
HSEHLD_1_M,BLACK,0.06070751168391272
HOUSEHOLDS,MARHH_CHD,-0.06030656723254705
MARHH_CHD,HOUSEHOLDS,-0.06030656723254705
AGE_85_UP,HAWN_PI,0.06001141851762211
HAWN_PI,AGE_85_UP,0.06001141851762211
CVD,OTHER,0.05988542572660645
OTHER,CVD,0.05988542572660645
population,AGE_5_9,0.05895438122248157
AGE_5_9,population,0.05895438122248157
HOUSEHOLDS,POP13_SQMI,0.05844318572742488
POP13_SQMI,HOUSEHOLDS,0.05844318572742488
covid_cases,people_vaccinated,0.058328342344164286
people_vaccinated,covid_cases,0.058328342344164286
Diabetes,MARHH_CHD,-0.05822736114931467
MARHH_CHD,Diabetes,-0.05822736114931467
population,AGE_15_19,0.05672223412330262
AGE_15_19,population,0.05672223412330262
RENTER_OCC,CVD,-0.05651600126921441
CVD,RENTER_OCC,-0.05651600126921441
MARHH_CHD,population,0.05647007521661745
population,MARHH_CHD,0.05647007521661745
HIV/AIDS,AGE_5_9,-0.056148155996188685
AGE_5_9,HIV/AIDS,-0.056148155996188685
population,FEMALES,-0.055984226495578306
FEMALES,population,-0.055984226495578306
AGE_15_19,HISPANIC,-0.05559099735648439
HISPANIC,AGE_15_19,-0.05559099735648439
MARHH_CHD,AGE_65_74,-0.05491478151835706
AGE_65_74,MARHH_CHD,-0.05491478151835706
FHH_CHILD,MHH_CHILD,0.05477006239904333
MHH_CHILD,FHH_CHILD,0.05477006239904333
AGE_35_44,MULT_RACE,0.05454576374209639
MULT_RACE,AGE_35_44,0.05454576374209639
AVE_HH_SZ,AGE_35_44,0.054464855691316524
AGE_35_44,AVE_HH_SZ,0.054464855691316524
MULT_RACE,AGE_45_54,-0.05433382002686871
AGE_45_54,MULT_RACE,-0.05433382002686871
FHH_CHILD,AVE_FAM_SZ,0.05279349962984595
AVE_FAM_SZ,FHH_CHILD,0.05279349962984595
AMERI_ES,MARHH_CHD,0.052334105148765714
MARHH_CHD,AMERI_ES,0.052334105148765714
AGE_20_24,AGE_45_54,-0.05225853064614102
AGE_45_54,AGE_20_24,-0.05225853064614102
AGE_25_34,AGE_15_19,-0.05205985449604785
AGE_15_19,AGE_25_34,-0.05205985449604785
AMERI_ES,HOUSEHOLDS,-0.05200548266238015
HOUSEHOLDS,AMERI_ES,-0.05200548266238015
MULT_RACE,AGE_20_24,0.05181413498158666
AGE_20_24,MULT_RACE,0.05181413498158666
covid_cases,AGE_10_14,-0.051525535693881894
AGE_10_14,covid_cases,-0.051525535693881894
AGE_UNDER5,FHH_CHILD,-0.05087532664994408
FHH_CHILD,AGE_UNDER5,-0.05087532664994408
CVD,VACANT,-0.050091750076126276
VACANT,CVD,-0.050091750076126276
Hypertension,AGE_55_64,0.04995542276505723
AGE_55_64,Hypertension,0.04995542276505723
HIV/AIDS,AVE_FAM_SZ,-0.04890037804137438
AVE_FAM_SZ,HIV/AIDS,-0.04890037804137438
MARHH_CHD,covid_deaths,-0.047334541681309385
covid_deaths,MARHH_CHD,-0.047334541681309385
AGE_5_9,AGE_35_44,0.04666997434368291
AGE_35_44,AGE_5_9,0.04666997434368291
HISPANIC,AGE_35_44,0.04560670183060502
AGE_35_44,HISPANIC,0.04560670183060502
AGE_10_14,HOUSEHOLDS,-0.04495643423364121
HOUSEHOLDS,AGE_10_14,-0.04495643423364121
HSEHLD_1_M,Diabetes,0.04438701680163642
Diabetes,HSEHLD_1_M,0.04438701680163642
CVD,AGE_5_9,-0.04422360103649214
AGE_5_9,CVD,-0.04422360103649214
AGE_45_54,Hypertension,0.04414753062036352
Hypertension,AGE_45_54,0.04414753062036352
BLACK,AGE_65_74,-0.04398833393897456
AGE_65_74,BLACK,-0.04398833393897456
HIV/AIDS,HAWN_PI,-0.04357104627047367
HAWN_PI,HIV/AIDS,-0.04357104627047367
OWNER_OCC,AMERI_ES,-0.042751846718338066
AMERI_ES,OWNER_OCC,-0.042751846718338066
MARHH_NO_C,HIV/AIDS,-0.04247222515432595
HIV/AIDS,MARHH_NO_C,-0.04247222515432595
POP13_SQMI,HISPANIC,0.04235558711824191
HISPANIC,POP13_SQMI,0.04235558711824191
Diabetes,AVE_HH_SZ,-0.04219963263400155
AVE_HH_SZ,Diabetes,-0.04219963263400155
BLACK,HSE_UNITS,-0.04211687889880285
HSE_UNITS,BLACK,-0.04211687889880285
WHITE,AGE_35_44,-0.04210449790150195
AGE_35_44,WHITE,-0.04210449790150195
HOUSEHOLDS,HIV/AIDS,0.041709193743297644
HIV/AIDS,HOUSEHOLDS,0.041709193743297644
covid_deaths,AGE_55_64,0.0416470300457852
AGE_55_64,covid_deaths,0.0416470300457852
AGE_55_64,HAWN_PI,0.04153357461461632
HAWN_PI,AGE_55_64,0.04153357461461632
WHITE,Hypertension,-0.04143938604287086
Hypertension,WHITE,-0.04143938604287086
population,MULT_RACE,-0.04125198614088984
MULT_RACE,population,-0.04125198614088984
AGE_75_84,AGE_10_14,-0.040662013795187274
AGE_10_14,AGE_75_84,-0.040662013795187274
AGE_20_24,Diabetes,-0.0404418076967868
Diabetes,AGE_20_24,-0.0404418076967868
BLACK,AGE_15_19,0.040284968607581406
AGE_15_19,BLACK,0.040284968607581406
HSEHLD_1_M,covid_cases,-0.039561594689973764
covid_cases,HSEHLD_1_M,-0.039561594689973764
HSEHLD_1_M,CVD,-0.037700399132361125
CVD,HSEHLD_1_M,-0.037700399132361125
HSEHLD_1_M,AGE_15_19,-0.037610354593938466
AGE_15_19,HSEHLD_1_M,-0.037610354593938466
FHH_CHILD,AVE_HH_SZ,-0.0368296196344588
AVE_HH_SZ,FHH_CHILD,-0.0368296196344588
AGE_85_UP,HIV/AIDS,-0.03609587805236426
HIV/AIDS,AGE_85_UP,-0.03609587805236426
HISPANIC,FHH_CHILD,-0.0359851656116487
FHH_CHILD,HISPANIC,-0.0359851656116487
Hypertension,MARHH_NO_C,-0.03477804846462245
MARHH_NO_C,Hypertension,-0.03477804846462245
AGE_55_64,CVD,0.0343447482683944
CVD,AGE_55_64,0.0343447482683944
HSE_UNITS,POP13_SQMI,-0.03423452808163419
POP13_SQMI,HSE_UNITS,-0.03423452808163419
AVE_FAM_SZ,AGE_35_44,-0.03417261819359766
AGE_35_44,AVE_FAM_SZ,-0.03417261819359766
VACANT,AGE_15_19,0.03413829258632545
AGE_15_19,VACANT,0.03413829258632545
VACANT,FHH_CHILD,0.033877386870484846
FHH_CHILD,VACANT,0.033877386870484846
Hypertension,RENTER_OCC,0.032523932712361425
RENTER_OCC,Hypertension,0.032523932712361425
AGE_20_24,AGE_UNDER5,0.03180707239604034
AGE_UNDER5,AGE_20_24,0.03180707239604034
AGE_UNDER5,ASIAN,-0.031678368292742384
ASIAN,AGE_UNDER5,-0.031678368292742384
CVD,AGE_10_14,0.031046542679322987
AGE_10_14,CVD,0.031046542679322987
VACANT,Hypertension,-0.030912594170262844
Hypertension,VACANT,-0.030912594170262844
ASIAN,AGE_75_84,-0.030370779763135344
AGE_75_84,ASIAN,-0.030370779763135344
HAWN_PI,POP13_SQMI,-0.030120982213807806
POP13_SQMI,HAWN_PI,-0.030120982213807806
HAWN_PI,AGE_65_74,-0.029374799854419743
AGE_65_74,HAWN_PI,-0.029374799854419743
AGE_5_9,AGE_45_54,-0.028367573727400126
AGE_45_54,AGE_5_9,-0.028367573727400126
AGE_20_24,HAWN_PI,0.028136862497357088
HAWN_PI,AGE_20_24,0.028136862497357088
population,AGE_25_34,0.028123747974942204
AGE_25_34,population,0.028123747974942204
VACANT,AGE_35_44,-0.0274084619655102
AGE_35_44,VACANT,-0.0274084619655102
FHH_CHILD,OTHER,-0.027031306559825545
OTHER,FHH_CHILD,-0.027031306559825545
WHITE,AGE_UNDER5,-0.02614845304859955
AGE_UNDER5,WHITE,-0.02614845304859955
population,Diabetes,-0.025179399439809548
Diabetes,population,-0.025179399439809548
ASIAN,AGE_20_24,0.02444739576987809
AGE_20_24,ASIAN,0.02444739576987809
Hypertension,AGE_25_34,-0.024374884544427523
AGE_25_34,Hypertension,-0.024374884544427523
AGE_10_14,people_vaccinated,0.023388189236966866
people_vaccinated,AGE_10_14,0.023388189236966866
OTHER,MARHH_CHD,0.023247844209890445
MARHH_CHD,OTHER,0.023247844209890445
POP13_SQMI,FEMALES,-0.022810032589290586
FEMALES,POP13_SQMI,-0.022810032589290586
covid_deaths,HSE_UNITS,-0.022517955062499043
HSE_UNITS,covid_deaths,-0.022517955062499043
Hypertension,AGE_10_14,0.02157767044632032
AGE_10_14,Hypertension,0.02157767044632032
MARHH_CHD,ASIAN,0.021507981930091343
ASIAN,MARHH_CHD,0.021507981930091343
HAWN_PI,AGE_5_9,-0.021385391338095184
AGE_5_9,HAWN_PI,-0.021385391338095184
POP13_SQMI,AGE_85_UP,0.01998107318552687
AGE_85_UP,POP13_SQMI,0.01998107318552687
AGE_5_9,Diabetes,0.01985593926088731
Diabetes,AGE_5_9,0.01985593926088731
HAWN_PI,Diabetes,-0.01902173792219133
Diabetes,HAWN_PI,-0.01902173792219133
AGE_85_UP,MARHH_CHD,0.01859662642590251
MARHH_CHD,AGE_85_UP,0.01859662642590251
population,AGE_UNDER5,-0.018111225415245992
AGE_UNDER5,population,-0.018111225415245992
HOUSEHOLDS,BLACK,0.017982991726014558
BLACK,HOUSEHOLDS,0.017982991726014558
AGE_55_64,MULT_RACE,0.017857692117273002
MULT_RACE,AGE_55_64,0.017857692117273002
AVE_HH_SZ,Hypertension,0.01751931012704981
Hypertension,AVE_HH_SZ,0.01751931012704981
covid_deaths,AVE_HH_SZ,0.016676735618320095
AVE_HH_SZ,covid_deaths,0.016676735618320095
HSE_UNITS,AMERI_ES,0.016449579958973278
AMERI_ES,HSE_UNITS,0.016449579958973278
POP13_SQMI,population,0.016298011081631866
population,POP13_SQMI,0.016298011081631866
AGE_35_44,MHH_CHILD,0.015943030459247175
MHH_CHILD,AGE_35_44,0.015943030459247175
AGE_55_64,AMERI_ES,-0.015831017941563393
AMERI_ES,AGE_55_64,-0.015831017941563393
covid_deaths,AGE_65_74,0.015824922298795983
AGE_65_74,covid_deaths,0.015824922298795983
FHH_CHILD,AGE_5_9,-0.015680928137678816
AGE_5_9,FHH_CHILD,-0.015680928137678816
MULT_RACE,AGE_5_9,-0.015566258382335572
AGE_5_9,MULT_RACE,-0.015566258382335572
AGE_25_34,AGE_35_44,0.015129847656740806
AGE_35_44,AGE_25_34,0.015129847656740806
MARHH_NO_C,AMERI_ES,-0.014506225313383168
AMERI_ES,MARHH_NO_C,-0.014506225313383168
HSEHLD_1_M,covid_deaths,0.013405819181819571
covid_deaths,HSEHLD_1_M,0.013405819181819571
AGE_65_74,AGE_10_14,-0.013209779783842102
AGE_10_14,AGE_65_74,-0.013209779783842102
AGE_35_44,HAWN_PI,0.012960077879150914
HAWN_PI,AGE_35_44,0.012960077879150914
WHITE,Diabetes,-0.01247034855441232
Diabetes,WHITE,-0.01247034855441232
covid_cases,ASIAN,0.0124563919725586
ASIAN,covid_cases,0.0124563919725586
AMERI_ES,Prevalence of obesity,-0.012248709958679362
Prevalence of obesity,AMERI_ES,-0.012248709958679362
covid_deaths,Diabetes,-0.012213711095265018
Diabetes,covid_deaths,-0.012213711095265018
POP13_SQMI,HIV/AIDS,0.012068014370201776
HIV/AIDS,POP13_SQMI,0.012068014370201776
ASIAN,HIV/AIDS,0.011969594377495726
HIV/AIDS,ASIAN,0.011969594377495726
RENTER_OCC,AGE_75_84,-0.01136960445397838
AGE_75_84,RENTER_OCC,-0.01136960445397838
HOUSEHOLDS,covid_cases,0.011325720724978552
covid_cases,HOUSEHOLDS,0.011325720724978552
ASIAN,AGE_55_64,-0.01078221951666979
AGE_55_64,ASIAN,-0.01078221951666979
OTHER,AGE_15_19,0.010096745864402684
AGE_15_19,OTHER,0.010096745864402684
RENTER_OCC,AGE_55_64,-0.009197589239966457
AGE_55_64,RENTER_OCC,-0.009197589239966457
CVD,AGE_45_54,-0.009182283547062468
AGE_45_54,CVD,-0.009182283547062468
AMERI_ES,AGE_15_19,0.008610559793212286
AGE_15_19,AMERI_ES,0.008610559793212286
HISPANIC,CVD,-0.008435271914756098
CVD,HISPANIC,-0.008435271914756098
ASIAN,FEMALES,-0.007436448353201641
FEMALES,ASIAN,-0.007436448353201641
AMERI_ES,WHITE,-0.00730021996700835
WHITE,AMERI_ES,-0.00730021996700835
RENTER_OCC,AMERI_ES,-0.007120946288026368
AMERI_ES,RENTER_OCC,-0.007120946288026368
FAMILIES,covid_deaths,0.006948433584799366
covid_deaths,FAMILIES,0.006948433584799366
AGE_25_34,AGE_5_9,-0.006167185837216068
AGE_5_9,AGE_25_34,-0.006167185837216068
HISPANIC,MARHH_CHD,-0.005652559424656858
MARHH_CHD,HISPANIC,-0.005652559424656858
AGE_85_UP,MULT_RACE,0.0055193900184260965
MULT_RACE,AGE_85_UP,0.0055193900184260965
HISPANIC,HAWN_PI,0.005095510698173849
HAWN_PI,HISPANIC,0.005095510698173849
HAWN_PI,AGE_75_84,0.004935726414009414
AGE_75_84,HAWN_PI,0.004935726414009414
HAWN_PI,MHH_CHILD,0.004554445054358407
MHH_CHILD,HAWN_PI,0.004554445054358407
AGE_75_84,MARHH_CHD,0.004276193453715578
MARHH_CHD,AGE_75_84,0.004276193453715578
AGE_25_34,AVE_HH_SZ,-0.004209151868612348
AVE_HH_SZ,AGE_25_34,-0.004209151868612348
covid_cases,Diabetes,0.0035156852287566327
Diabetes,covid_cases,0.0035156852287566327
AMERI_ES,HAWN_PI,-0.0028675751022722595
HAWN_PI,AMERI_ES,-0.0028675751022722595
HAWN_PI,MARHH_CHD,0.0025937733045122784
MARHH_CHD,HAWN_PI,0.0025937733045122784
MULT_RACE,MARHH_CHD,0.002549803586821644
MARHH_CHD,MULT_RACE,0.002549803586821644
AGE_20_24,people_vaccinated,0.0024255834613350576
people_vaccinated,AGE_20_24,0.0024255834613350576
MHH_CHILD,AVE_HH_SZ,-0.001660608494832336
AVE_HH_SZ,MHH_CHILD,-0.001660608494832336
AVE_HH_SZ,BLACK,0.0015632805706427618
BLACK,AVE_HH_SZ,0.0015632805706427618
MULT_RACE,POP13_SQMI,0.0009413092787031035
POP13_SQMI,MULT_RACE,0.0009413092787031035
covid_deaths,AGE_10_14,0.0007779463857820524
AGE_10_14,covid_deaths,0.0007779463857820524
AGE_45_54,ASIAN,0.0006270249172441007
ASIAN,AGE_45_54,0.0006270249172441007
AGE_45_54,RENTER_OCC,-0.0005360655197471771
RENTER_OCC,AGE_45_54,-0.0005360655197471771
