STATE_FIPS,population,covid_cases,covid_deaths,POP13_SQMI,WHITE,BLACK,AMERI_ES,ASIAN,HAWN_PI,HISPANIC,OTHER,MULT_RACE,MALES,FEMALES,AGE_UNDER5,AGE_5_9,AGE_10_14,AGE_15_19,AGE_20_24,AGE_25_34,AGE_35_44,AGE_45_54,AGE_55_64,AGE_65_74,AGE_75_84,AGE_85_UP,HOUSEHOLDS,AVE_HH_SZ,HSEHLD_1_M,HSEHLD_1_F,MARHH_CHD,MARHH_NO_C,MHH_CHILD,FHH_CHILD,FAMILIES,AVE_FAM_SZ,HSE_UNITS,VACANT,OWNER_OCC,RENTER_OCC,Prevalence of obesity,Hypertension,Diabetes,CVD,HIV/AIDS
1,4903185,0.6038970587485482,0.01532412095403294,89.75970149253732,0.6680135462969478,0.25520370942560805,0.0057550347376246255,0.010930650179424191,0.0006234722940292891,0.03785335450324636,0.019764703962832322,0.014531574884488347,0.4732001749882984,0.5016225167926562,0.062195695247069,0.06286301659023676,0.06519333861561413,0.07005058956576185,0.06838860862888102,0.12418907302090376,0.12634665018758215,0.14151087507405902,0.1199287809862365,0.07556333281326322,0.0431570499583434,0.015435681093003834,0.38419741453769335,2.466716417910448,0.04690604168514955,0.058473624796943215,0.07802295854633264,0.10605249445003605,0.009363301609056154,0.03823779849220456,0.26032874549909907,2.999253731343284,0.4429473903187418,0.058749975781048444,0.26770130027726874,0.1164961142604246,0.2629213460230442,0.000923484907871108,0.10565683326246103,0.0029074566835638467,0.0012149245847342086
2,723231,0.12119087815649496,0.0018196122677263558,8.139285714285714,0.6545280830052915,0.03216399739502317,0.13520714681754514,0.052703769611645516,0.010244306452571862,0.05425928921741463,0.015346410759494547,0.07151795207893467,0.5056254502365081,0.46608621588399834,0.07341084660364393,0.06921440037830237,0.06907198391661862,0.07095934770495181,0.07424322242824215,0.14141816376786948,0.12747656004789618,0.15242432915624468,0.11808951773361485,0.048540507804560366,0.020405651859502705,0.006457134719059333,0.3543999081897762,2.634642857142857,0.051856184262013105,0.03913825596524485,0.0847142890722328,0.09065983067650585,0.01382960630835791,0.02740203337522866,0.23413128032399053,3.222857142857143,0.42141998891087357,0.06702008072109741,0.2233283694974358,0.13107153869234034,0.240191584708067,-0.0038328003086150896,0.05854146185658524,-0.0038328003086150896,-0.0038328003086150896
4,7278717,0.7466898355850351,0.01796333062543852,53.50000000000001,0.6412010523283156,0.03558429322090693,0.04073918521629567,0.024275569444450168,0.0017376688776332423,0.2603685512158255,0.10464976176433292,0.029991549334862175,0.4363163178345854,0.4418627623522112,0.06260924830571102,0.062329666066148745,0.06164053362701146,0.06341529695411979,0.060805221579572334,0.11769835260802144,0.11299985972802624,0.11575474084237648,0.09977417723480662,0.06840381347427026,0.038542369486270725,0.014205800280461516,0.32711671576185747,2.666,0.039652730007225176,0.04566560288028783,0.06902466464900339,0.08842561127187662,0.01159393887686525,0.027673146242668867,0.21659311661656855,3.198,0.390800466620697,0.06368375085883955,0.2159291259709644,0.11118758979089309,0.19276034498937106,0.0010661009462244512,0.06755517490239007,0.0016593990252677774,0.0003073343832436403
5,3017804,0.46560677896907815,0.0064745755522890155,53.83733333333336,0.7439943084441535,0.14908025836005254,0.007372248164559395,0.011963003561530173,0.0019428034425032243,0.06165078977958807,0.032994521844361,0.01889122023829248,0.47439694559355083,0.49184141846190144,0.0655075677545659,0.06523849792763214,0.06546449007291395,0.06753420699289947,0.06615737801394657,0.12455812239628551,0.12134916647999672,0.13495442381281222,0.11630675815924427,0.07773930977624789,0.04439552734372411,0.017032915325183477,0.38010553369271166,2.443733333333335,0.04653350582078889,0.05645263907132471,0.07841695484531136,0.10989116589414025,0.01065410477287458,0.034706694006635286,0.25707799446219837,2.9576,0.4361777636983714,0.056072230005659744,0.254541381746462,0.12556415194624965,0.24975942771631293,0.0014713441031955687,0.09776645534302426,0.0027997908184229318,0.0010769420412989048
6,39512223,0.45762011416062315,0.012412057909270253,667.1568965517241,0.5429695514727177,0.05818634906975494,0.009181994138876975,0.1230253990012154,0.00365421100199804,0.3546679466756401,0.15988399336579975,0.04594487128704452,0.46866079896339924,0.47418557037400805,0.06406455541618096,0.06341933735289963,0.06557287348778124,0.07147003599367213,0.07000236357240644,0.13458815010231137,0.13116725930606335,0.1329302833707939,0.10215808409463573,0.057585623567674236,0.03467812985364048,0.015209673219347845,0.3183191692353022,2.7101724137931034,0.03320182719155032,0.04093831926388956,0.08044490435276193,0.07680542297000095,0.010836874452748457,0.026342835734653552,0.2187291006127395,3.212068965517241,0.34622402794193585,0.02790485870663364,0.17805556017437946,0.14026360906092275,0.1745232101975128,0.0012288923365562096,0.06312684558396019,0.0019063421580709347,0.00015354742252796054
8,5758736,0.5024501904584617,0.025007397456664103,150.69999999999987,0.7100867273651718,0.03503147218417375,0.00972609267033599,0.02414210340602521,0.0011500787672850431,0.18036718474331867,0.06323262604849397,0.02994684944751765,0.43771098379922263,0.43560496608978083,0.05972838484000656,0.06053463815670661,0.05776510678732277,0.05894956809966632,0.06053672194731621,0.12611760636361868,0.12149263310559817,0.12896892651442957,0.1037804129239472,0.0538243114461229,0.029529396728726582,0.012088242975541855,0.34258698436601365,2.368125000000001,0.045389127058437825,0.05025582002717263,0.07739910285868287,0.09128322604127016,0.009707512204067004,0.02349734386156962,0.21906317636370204,2.9209375,0.3842680060346576,0.04168102166864395,0.22454580310679287,0.11804118125922078,0.1565416438607361,0.0004372263277913766,0.04547265233203953,0.001439448690302872,0.0004490568763700923
9,3565287,1.1929446353126691,0.10623773065113692,707.6125,0.7776120127215564,0.10161762573391707,0.0031571090910773804,0.03802358688094395,0.00040052876528593633,0.1343754373771312,0.055666205834200726,0.02599398028826291,0.4879309856401462,0.5145400636750982,0.056687161510419776,0.062427232365865636,0.06739008668867331,0.07035450441998077,0.06392136173048621,0.1179083198631695,0.13587629831763895,0.1614447869133677,0.12438044959634385,0.07150728679065668,0.0467611723824758,0.02381238873616626,0.3845656745165256,2.495,0.04429461078448944,0.060507050344053646,0.08445042432769087,0.10403734678302196,0.008534516295602571,0.03134866842416894,0.2548633532167256,3.0337500000000004,0.41732713243001196,0.03276145791348635,0.2595263719302261,0.1250393025862995,0.19733979340232638,0.0007408631049898647,0.06851510130881469,0.0018697476194763562,0.00031133538478108496
10,973764,0.9979409795391901,0.039055664411500116,583.8,0.6352843194038802,0.19698202028417564,0.004293648152940548,0.02931819208761055,0.0004107771492887394,0.07519378412017697,0.03134126954785759,0.02449669529783397,0.4466575063362375,0.47546941558734973,0.05739172941287622,0.05800789513680933,0.05837964845691564,0.06632305158128664,0.06456081761083794,0.11441889410575869,0.11921471732370471,0.13715232849027073,0.11391774598362642,0.07440509199354259,0.042186813231953536,0.01616818859600478,0.35151946467521905,2.5466666666666664,0.03793013502244897,0.051923258612969876,0.07014122518392547,0.09959189290218164,0.010093821500897548,0.03234870050648823,0.23694755608135032,3.03,0.41682070809764993,0.06530124342243089,0.25337145345278733,0.09814801122243172,0.2293984990202965,0.000856739680251067,0.08550223668157787,0.0020476688848632732,0.0010382392448272887
11,705749,1.2629589273240203,0.0641956276239853,9996.6,0.3279792107392288,0.4323420932937914,0.002945806511946882,0.029834969656350914,0.0004279141734526014,0.07757573868329959,0.034536357826932804,0.024535635190414722,0.40272391459286516,0.449878072799253,0.04621047992983341,0.037048582428030365,0.0354814530378364,0.05656260228494833,0.09083966112598105,0.17675547538855882,0.1142885076705741,0.10726618103603405,0.09065120885754001,0.05238264595486497,0.030499511866116706,0.014615677811799946,0.37790630946696346,2.11,0.07362957652083106,0.0927624410378194,0.03244212885884358,0.05067382312975293,0.0065150641375333156,0.03820621779131107,0.1597097551679138,3.01,0.42043134315457764,0.04252503368761415,0.15877457849745447,0.219131730969509,0.18057694732829943,0.0015459588748974497,0.061988043907961615,0.002269168126345202,-0.00014027650056889915
12,21477737,0.6094616485898864,0.013903047606924323,324.1298507462686,0.6569203263826165,0.1396730949820272,0.0033270730524356455,0.02117639302501935,0.000572034195222709,0.1966597318888857,0.03171395571144204,0.02200310954547958,0.4278548992382205,0.4475310876560226,0.04998226768490554,0.05029650004560536,0.05265205547493202,0.05719326947713346,0.05721077597700354,0.10660084905593173,0.11319879743382648,0.12764347566040127,0.1088414482401009,0.08045261006781115,0.05110114720186768,0.020212790574723957,0.3455113543852409,2.4747761194029856,0.04106414935614492,0.05306965068060941,0.06215608283125918,0.09880822174142462,0.009488988527981324,0.0295668021263134,0.2251389427107707,2.9547761194029847,0.4185534071862413,0.0730420528010004,0.23275166280320875,0.11275969158203213,0.1982977536227397,0.0008702103043723833,0.07918427346419225,0.0018246821844405672,0.00043612602202922963
13,10617423,0.6101701891315812,0.021266742410093298,193.32515723270444,0.5450889542594282,0.277886168800094,0.0030281359233780172,0.02961801559568645,0.0006403625437170583,0.08040453884148724,0.03662583660837474,0.019542312668526064,0.44541608637048746,0.46701370002871695,0.06468471680934253,0.06547360880319075,0.06495775858228499,0.06687112305876859,0.06405320763804927,0.12578946887582795,0.1316270435867536,0.1310348094824893,0.10073602605830059,0.057116401974377395,0.029365223557543105,0.010720397972276323,0.33770755860438073,2.5956603773584908,0.037677786784985394,0.047980851850773956,0.0770016415471061,0.08448509586554101,0.009253940433568485,0.03640252441670639,0.23148837528654553,3.087044025157233,0.3851029576574278,0.04739539905304705,0.22174891214186343,0.11595864646251731,0.22650901259185022,0.000927589935994826,0.0834644150468527,0.0022528790050090307,0.0010851974156064047
15,1415872,0.06591697554581205,0.001324978529132577,381.88,0.23773264814898523,0.01513131130497672,0.0029409438141300907,0.3708513198933237,0.095645651584324,0.08534811056366677,0.011996140894092122,0.22645337996655066,0.4811473071012069,0.4796040885051756,0.06173368779098676,0.05887608484382769,0.05758924535551236,0.06073571622293541,0.0676819656014103,0.1308967194774669,0.12456846381593817,0.13685206007322695,0.12399567192514578,0.07099723703837635,0.0454680931609637,0.021356450300592144,0.32159545495638026,2.5140000000000002,0.03634862473443927,0.038640498576142476,0.07507034534195181,0.0874273945667405,0.010026330063734575,0.023140509876599016,0.2217057756633368,3.074,0.3669173484608778,0.045321893504497585,0.1855266577769742,0.13606879717940604,0.18242609501423857,-0.000349607874158116,0.07951001220449307,-0.000349607874158116,0.0002712109569226597
16,1787065,0.328012691200376,0.005140271898336098,35.42272727272727,0.7814416375453607,0.005489447781697924,0.011997884799937327,0.010670568781773467,0.0012965392976752384,0.09843010746671219,0.0444992207893949,0.02178712022226388,0.43944904074558006,0.43773337847252336,0.06814077831528233,0.06781790253851987,0.06544529717721516,0.06455221270630895,0.06055123904278804,0.11693195267099965,0.10721993883826274,0.11669245382792456,0.10089896002663586,0.061292678218195756,0.03351416988190133,0.014124835974069215,0.3242232375431224,2.624772727272728,0.03602890773418986,0.04107237285717084,0.08213299460288238,0.0971497958943855,0.010023138498040082,0.021770332920179176,0.2255900037211853,3.108636363636364,0.37368310609854705,0.049459868555424676,0.22657429920008507,0.09764893834303733,0.19619767607781474,0.00029962438075839445,0.05952105827152342,0.0017087510734080742,-0.0008281735695120211
17,12671821,0.949562576680968,0.04331366423184166,193.80686274509804,0.7242745142943544,0.14728853887693016,0.0034693514057687527,0.046318046948422016,0.00031960678737491635,0.16000683721779213,0.06797854862375345,0.022884003806556294,0.4965565722558739,0.5159760384872861,0.06593977298132604,0.06782016570467654,0.06940186418352974,0.07276712636644725,0.06936366919955703,0.14015010155209737,0.1361990514228381,0.147640895495604,0.11625850775512059,0.06704127212655545,0.041412043304588975,0.018538140650818852,0.3817108843314627,2.434411764705882,0.04698622242217594,0.05925833390481131,0.08511894225778599,0.0989899557451135,0.009838128237449062,0.03139201540173271,0.2511859976557434,2.9526470588235294,0.41799162093593334,0.03628073660447066,0.25755090763987276,0.12415997669158994,0.22455541314859168,0.0009404805017368854,0.07509165415136466,0.002258108352935225,0.00039883770454143884
18,6732219,0.5723020894002409,0.03000050949025871,177.74347826086958,0.8121996625481138,0.08784577566475482,0.0027423350309905246,0.015221429962394272,0.0003487705910933676,0.05788685721602342,0.025743963468805753,0.018998342151376833,0.4738017286722253,0.48929855074530404,0.06447725482489503,0.06607345958293989,0.067165224423032,0.07063272897093811,0.0671436862050982,0.12289335804435358,0.12489641231219602,0.14063238287405683,0.1142480659051644,0.06718958489021228,0.04062568374558225,0.01712243763906076,0.3716685390062326,2.5291304347826085,0.04508364923957465,0.05472296727126672,0.07906932320532056,0.10530777444999932,0.011214281650671197,0.03133142281913289,0.24867372852843914,3.012717391304348,0.4152480779368586,0.043579538930625994,0.25964321719183525,0.1120253218143973,0.24174985989017886,0.0012667756476727808,0.08590896998448802,0.002317370697536726,0.0007948345114738543
19,3155070,0.7164956720453112,0.01697902106767837,53.37373737373736,0.8816162557407601,0.028255474521959895,0.0035130757796182016,0.016828152782664092,0.0006348512077386556,0.04803189786597445,0.017791047425255224,0.016903903875349832,0.4780619764379237,0.4874807848954223,0.06406292094945595,0.06359478553566165,0.06367655868174081,0.06872652587739733,0.06762132060461416,0.12125975017986923,0.11554355370879252,0.1393712342356905,0.11814317907368141,0.07120475932388187,0.048675306728535345,0.023662866434025237,0.38717873137521513,2.3858585858585846,0.049526634908258774,0.06060689620198601,0.08087015502033236,0.11727853898645672,0.010439704982773758,0.02526663433774845,0.2504014174011987,2.921010101010101,0.42357760683598145,0.036398875460766325,0.27911742053266647,0.10806131084254866,0.24323358911212747,0.0011503254827943594,0.07082822251170338,0.002027758404409411,-0.00016132764090812565
20,2913314,0.41927989911145863,0.00818826944160499,49.23047619047618,0.8207299316173952,0.05761960434062377,0.009662535517970257,0.023259422087698066,0.0007681973175565696,0.10298992830844873,0.03780128060346396,0.02949664883359638,0.485841210387895,0.49349640993040916,0.07053547952606551,0.06949027808193693,0.06826727225420946,0.0699619059256915,0.07017918425545616,0.129653034310754,0.118996098601112,0.13945081100080528,0.11370109778760545,0.06535134901352892,0.04339010487712619,0.020361004684012775,0.3817288490015151,2.401523809523808,0.04823681896287184,0.057943977202594706,0.08585343014862112,0.10921960351681968,0.011034512586010296,0.028046753628342157,0.2519821069750806,2.947333333333334,0.42330315235501564,0.041574303353500514,0.25865114436686193,0.12307770463465319,0.24092871554525191,-0.0006676002267520771,0.07294304699047202,0.0019842107284007145,-0.0002646470651635903
21,4467673,0.2862311095731492,0.010654539846582326,115.7725,0.8526893082819624,0.07554715844243748,0.002265161304330017,0.01095201014040195,0.0005597992511985546,0.029732704251184006,0.01243398968545818,0.016833819305933983,0.4778666657116579,0.49341458070006466,0.06320225316400731,0.06331886868174999,0.06360223767495965,0.06643167483385647,0.06490358627410735,0.1267362226376013,0.1290743525768336,0.14394450981528864,0.12064289396291984,0.07281508740679991,0.04111872108813693,0.015490838295461641,0.38498005561284365,2.474583333333333,0.047274050719468504,0.058697671024714654,0.08011463685905391,0.10976586692893593,0.010899186220656705,0.03235666531547855,0.25738342980786644,2.957916666666665,0.43135744267765347,0.0463773870648098,0.264404086870279,0.12057596874256464,0.25071351461935554,0.001239606509026063,0.09336403984803722,0.002529578337537236,-0.001794222629991049
22,4648794,1.179691119890449,0.06205910608213657,126.32500000000003,0.6100919937514977,0.31242425454859907,0.0065778350256001875,0.015086063181117512,0.00042226005282230186,0.041421495553470425,0.014891389035521901,0.015677829561817538,0.4773909104167662,0.49778071474021,0.06760032817113427,0.06590139292040043,0.06600335484859084,0.07029328466694804,0.07277349781470205,0.13518194181114498,0.12145063859573042,0.14076231383881496,0.11520450250107878,0.06711288992370924,0.0387577939568843,0.01412968610783786,0.3717867472725184,2.5717187499999987,0.04652798123556346,0.05335469801415163,0.07259904396710201,0.09264768453925899,0.011756812627102858,0.04286531087417511,0.24955246457468325,3.0884374999999995,0.42268618484708076,0.05089943757456235,0.250021618510091,0.12176512876242741,0.26327236698378115,0.0012806922558839993,0.09484954592524426,0.002741030935119948,0.0016942028405646712
23,1344212,0.193961964333007,0.006872427861081437,85.80625000000002,0.9410502212448631,0.01168491279649341,0.006373994578236171,0.010095877733571788,0.0002544241533329564,0.012598459171618762,0.0031698868928413076,0.015578643844869709,0.48359633748248043,0.5046116237617281,0.05171803257224307,0.05513713610650701,0.058780162652914865,0.06569648240009761,0.05925107051566271,0.10759017178837862,0.12749179444908987,0.16260455939985657,0.14290974935501247,0.08380448917283881,0.051549160400294,0.02167515243131292,0.41453208273694925,2.29625,0.0516376881027695,0.06704374012432562,0.0733969046549205,0.12752973489300795,0.011969094160742502,0.027522444376333496,0.26083757621565645,2.795625,0.5369911888898478,0.1224591061528985,0.2956505372664431,0.11888154547050614,0.23183768631733684,0.0006954205170017826,0.07902399323916168,0.001963993629725073,0.0011553237138189512
24,6045680,0.9062085654550026,0.04047948287041325,804.4583333333334,0.5556503155972529,0.28124181233541967,0.0033776183985920524,0.05274063463497903,0.0005221910521231689,0.0778459991266491,0.034211536171282635,0.02724391631710577,0.46177799685064375,0.4932100276561115,0.060288999748580804,0.06068266927789761,0.06269418824681425,0.06719525347024652,0.06512054888780087,0.126047359436821,0.13159346839396063,0.14923118656627543,0.11508515171163541,0.06390629341943338,0.036912142223868946,0.01623076312342036,0.35668626192587105,2.5675000000000003,0.03873129242698919,0.054393550436013814,0.07796062643077371,0.09186956636805124,0.009393980495163488,0.033069398314168136,0.2393447883447354,3.055833333333334,0.39347335618160406,0.03678709425573302,0.24079590716015403,0.115890354765717,0.23174299665215492,0.001124567090054386,0.0802971708724246,0.0021513855675457517,0.0005430323801458232
25,6892503,1.4305618728058587,0.09805276834845049,1538.0499999999997,0.7639076834641929,0.063024709601142,0.0027348555379663963,0.05074615128930666,0.00032252434275327843,0.09106329007038517,0.04427288606185591,0.024955085257126475,0.45943077572835295,0.4905331198259906,0.0532588814252239,0.05595746566958332,0.05884843285523416,0.06713903497756911,0.06901237474978249,0.12261742940119141,0.1287121674085597,0.14688930857193677,0.11655693149498811,0.06622557871937089,0.0436800680391434,0.02106622224176036,0.3695428206560084,2.4107142857142856,0.04459686125635346,0.061643643825762574,0.07645524419793506,0.09455520004851649,0.007614069953977532,0.02855871081956729,0.23265727994605154,2.999285714285715,0.40743602142791957,0.03789320077191116,0.23027309527467743,0.13926972538133098,0.18783858345799778,0.0006550973353221609,0.06797312964535525,0.0017045294159465727,0.00022894440524726648
26,9986857,0.6246030157435918,0.055955141842924154,184.27710843373495,0.7813389137343211,0.1402204917923627,0.006208860305098991,0.023851247694845337,0.0002607426941228857,0.04369322600694092,0.014722249452455363,0.023062210663475004,0.4854494261808295,0.5042152901558519,0.05970707300605185,0.0638623342659257,0.0676104604281407,0.07405723342188639,0.06699525185951896,0.1165681054610074,0.12796558516858708,0.15120202482122252,0.12536446651834507,0.07256627385372595,0.04455255542359323,0.019213352108676432,0.3877604335377987,2.400120481927711,0.048372876471546554,0.05973701235533862,0.07746481200241477,0.10849229141861148,0.010467657642439458,0.03288081525549029,0.25574342358161334,2.899156626506025,0.45381975530439655,0.06605932176659784,0.27970181209163203,0.1080586214461667,0.2397810442264268,0.001127031073740217,0.08055567432276241,0.0025034321564832655,0.0004326686564151264
27,5639632,0.4752531725474286,0.01885849998723321,123.06666666666668,0.802190994022305,0.04865778476326115,0.010801413992969754,0.037987230372478205,0.00038229444758097693,0.044374881197922135,0.0182636030152322,0.022190277663507122,0.46672052360863264,0.4737530746687018,0.06303673714880688,0.06304241127789899,0.06247606226789266,0.06522216343194023,0.06306280267932375,0.12688522939085387,0.12076922749569476,0.143253673289321,0.1115966431852291,0.06284576724155051,0.03936959007254374,0.018913290796278907,0.3700998575793598,2.4209195402298853,0.0468250410665093,0.05672923339678901,0.08139502719326368,0.10665075309878375,0.009594597661691401,0.024196436930636608,0.2392026642873152,2.948275862068965,0.41619754622287414,0.04609768864351433,0.27020539638047303,0.09989446119888673,0.20284727797842128,0.0010607175987724013,0.0599718208563963,0.001530816177722234,5.993298853542217e-05
28,2976149,0.7319435283650113,0.027952901551636024,62.1012195121951,0.5895820404153153,0.36906250325504536,0.00505015037889568,0.008649432538491856,0.0003988375582002111,0.027377997539773713,0.012822610695902658,0.011460111708116765,0.48426338869458485,0.512762297855383,0.07088220381439236,0.06910675507173868,0.06997230313401648,0.0754730357922268,0.07086137152407355,0.13011882133589414,0.12598394771229532,0.14010588851566236,0.1167028263705883,0.07206258826423005,0.04085111330111497,0.014904831713734763,0.3749032726520077,2.5685365853658526,0.044863009210896365,0.05385751855837863,0.07445796564620924,0.09577309469384765,0.010891591785223118,0.04724998647581153,0.2588129828177285,3.1132926829268293,0.4283115529498019,0.05340828029779423,0.26110016669192304,0.11380310596008467,0.2695315321914326,0.0019096737250050325,0.10718246969489767,0.0030620854859753324,0.0022334231249846698
29,6137428,0.2998946790088617,0.012990946696238228,128.3539130434783,0.8079557104376621,0.11297745570294267,0.004460500392020892,0.01598112434068473,0.001020134166950716,0.03461873605686291,0.01310923728962686,0.02029987154228123,0.4779651997546855,0.49783883411748375,0.06358314916280891,0.06361997240537894,0.06467285644735873,0.06904944546803644,0.06733911990495041,0.1263504842745202,0.12197552460085886,0.14477921370319946,0.11784708513077465,0.07340045374055712,0.044648181616142785,0.018538547417582738,0.38706946949112886,2.445913043478261,0.04861287171108158,0.06092421776679091,0.07818649766644921,0.1093397755541898,0.010862530688751053,0.03188827632682616,0.25289632725630345,2.955652173913043,0.4419976902376696,0.05492822074654073,0.2661717579416003,0.12089771154952857,0.23843473194308756,0.0007313052738052489,0.08597396173120075,0.0024727315623091634,0.0001937293602466701
30,1068778,0.09944534786457057,0.0021323417959576265,7.423214285714286,0.8280119912647903,0.0037678545029931378,0.05852946074863068,0.005850606954858726,0.0006250128651600239,0.026726785169604913,0.005590496810375962,0.02336874449137239,0.4647054860784934,0.4610386815596878,0.05840595521240145,0.056854650825522234,0.05719054845814566,0.06243017726787041,0.06281753554058934,0.11495745608536104,0.10567676355613607,0.14019001139619267,0.12992221022513561,0.07554609095621355,0.04302015947184542,0.018732608642767722,0.38324797104730823,2.3125,0.05569351165536716,0.058245023756102764,0.07226570906212515,0.11637122021598499,0.011128597332654677,0.023895514316350074,0.2405429378224477,2.8789285714285713,0.4517542464384559,0.06850627539114765,0.2605012453474903,0.12274672569981793,0.18976344947220097,-0.0012818057024003109,0.05936031617417275,0.000958039796852106,-0.001508264578799339
31,1934408,0.7514686663826866,0.0096567011716246,42.50215053763441,0.8130849334783562,0.04284773429390284,0.009525911803507843,0.016693996302744818,0.0006611841969222626,0.08654068841733492,0.040895715898610845,0.020424853495229548,0.468513364295433,0.4756209651738413,0.06819037142112729,0.06664984842908012,0.0634333604906514,0.06665088233712846,0.06682974842949367,0.12674471983159705,0.11416309279117952,0.13374944685919413,0.11020219105793608,0.0636504811808057,0.04354975785873508,0.020320428782345815,0.3727910554546921,2.363548387096774,0.049025851836841036,0.05788385904111232,0.08237042030429982,0.10696812668268535,0.009662904619914724,0.025724666151091185,0.24152402181959545,2.9067741935483857,0.4119053477859893,0.03911429233129722,0.25058312413927153,0.12220793131542053,0.23024873759827297,-0.00012038323042501893,0.06735445676403323,0.001228095635977518,-0.0015456925322889484
32,3080156,0.5026271396643547,0.014844378012022768,46.94705882352941,0.5800641266221581,0.07097887249866565,0.01040921303985902,0.06345003305027408,0.005477319979897122,0.2326184128336357,0.10544693190864358,0.04093136841121034,0.4427100445561848,0.4340478209545231,0.060866397675961866,0.059437573941060126,0.059468741193627855,0.059282711654864234,0.057629873292131956,0.12573583935359117,0.12435831172187382,0.12224283445383935,0.10242955226943051,0.064211358126017,0.031294194190164396,0.0098004776381456,0.32668799891953526,2.4599999999999995,0.043543573767042966,0.04035120299101734,0.06895916960050075,0.08119848475207099,0.012724355519655497,0.027084991799116668,0.21317783904451593,2.9970588235294113,0.38108913964097924,0.05440114072144398,0.19202923488290852,0.13465876403662672,0.1835618066097951,0.0008011213678787697,0.07266060550179926,0.002202607959466988,0.00021135293147489932
33,1359711,0.35128420671745686,0.019626229397276332,178.60999999999999,0.9090534679795927,0.011057496776888618,0.002316668762700309,0.020891939537151644,0.00028241295392918055,0.026993971513064173,0.00887100273514004,0.015725400471129528,0.47759707761428716,0.4906013116022449,0.05133885068224056,0.05718568136905563,0.062233812920539734,0.0688528665282549,0.062179389590876294,0.10625199031264732,0.1317765319247987,0.16618310802810304,0.1310888857999972,0.07116365168774835,0.04173313299664414,0.018210487375626146,0.3816789008840849,2.3890000000000002,0.04479334211461112,0.053063481872250795,0.08189607938745808,0.11714253984854134,0.010438982989767679,0.023994804778368344,0.2531398216238598,2.873,0.45212107572859234,0.0704421748445074,0.2708781498421356,0.11080075104194935,0.21315191242844986,0.0008601541099542477,0.07065251365915257,0.0018530545638006902,0.000756778462482101
34,8882190,1.8628060196865863,0.13862515888536497,2179.304761904762,0.6788019621287092,0.13564515057660329,0.003267887761914573,0.08170575049621771,0.0003425956886758784,0.17508564892216896,0.06301621559547814,0.02705447642979941,0.48181811017327936,0.5080159285041189,0.06091065379146359,0.06358229220496296,0.06612502096892771,0.06733688425939999,0.060935197288056214,0.12494677551369651,0.13941347798234444,0.15527657030529632,0.11778232620558668,0.06883820319087973,0.04446516005624739,0.020221476910536704,0.3618882280158384,2.6585714285714284,0.037672015572736,0.053659176396812044,0.08856655847262894,0.09645278923328593,0.008562302765421591,0.028536543352484015,0.250682095294066,3.19,0.40007723320487404,0.038189005189035584,0.23670569983303666,0.12518252818280176,0.20125475811708599,0.0010277331390118878,0.07250227702852562,0.0020782855442182616,0.00041048435126922526
35,2096829,0.4380266583493456,0.018065850863375126,36.333333333333336,0.6714310036726886,0.02029254650713053,0.0921496221198772,0.013452694521107825,0.0008632082062962693,0.4546880074626972,0.14712835429117013,0.03672688616954459,0.48521887097135724,0.49682544451645794,0.06914297732433117,0.06834510587177113,0.06757394141343906,0.0714703011070526,0.06789776371845296,0.12745197629372734,0.11852325583058991,0.13926219066981618,0.1225355048027283,0.07334599054095493,0.041237506730401004,0.015257801184550576,0.37742467316123535,2.458787878787879,0.05060355422402113,0.05495917883623319,0.07477719928520637,0.09612562588556339,0.015078959705345549,0.035859385767747394,0.24737258021517253,3.0209090909090914,0.4298815020204318,0.05245682885919643,0.25854373437223543,0.11888093878899997,0.19522049723654147,0.0008793839378413784,0.06551464139421956,0.0018912736837386362,0.0006929511180930824
36,19453561,2.0665165107817534,0.15475053641849942,3058.5258064516124,0.654943020457797,0.15800706102085885,0.0054954463092901085,0.07300689061503958,0.00045061158725644113,0.17564506570288083,0.07410278251884064,0.030115257561327716,0.482027275109169,0.5140937949612413,0.05941441775107396,0.05983249030858669,0.062274254055594246,0.07023279696709513,0.07252836640037266,0.1367018100182275,0.13416654153961838,0.14797758621159385,0.11841883344648314,0.06994102519327952,0.04454027722739297,0.020092670951092195,0.3761653200665935,2.4641935483870974,0.046716382671532476,0.06280958021001913,0.07452764046644211,0.08960184718880003,0.009391442523042439,0.033812061452399386,0.23902004368249083,3.006290322580645,0.416792740413953,0.04062742034735954,0.20036624657048652,0.17579907349610696,0.1988185607766105,0.0011511513826697331,0.07620239811107077,0.002220029143764476,0.0004365781668456485
37,10488084,0.44416930680570443,0.00970873230992429,197.026,0.6225112232129338,0.19532909919485772,0.011642736652376163,0.01992375347108204,0.0006296669630029661,0.07628848128981423,0.039476228451259546,0.01966031164510124,0.442930472334127,0.4662425472564865,0.06026267524173148,0.06063500254193235,0.06017343110524286,0.06288956114386575,0.06307853750980637,0.11885802974118057,0.12653893694978033,0.1304953316544757,0.10857664755545436,0.0665104322200318,0.03709457323186961,0.014059860695242335,0.3570866709305532,2.4488999999999996,0.04151072779356077,0.05491756168238164,0.07483616645328164,0.09793409358658836,0.009549217950580868,0.03302357227497415,0.23828699312476903,2.949899999999999,0.41261378150670797,0.05552711057615481,0.23816552193899287,0.11892114899156032,0.2271660867704721,0.0010434093148948844,0.08079054286750564,0.002042332511352883,0.001184296388167753
38,762062,0.3884513333560786,0.008299849618534975,8.620754716981132,0.7944878500699418,0.010445344342061407,0.04801577824376494,0.009066191464736466,0.0004199133403843782,0.017671790484238815,0.004604612223152447,0.015553852573675107,0.4459794609887385,0.4366140812689781,0.0585188606701292,0.05258889696638856,0.05221359941842002,0.062296768504399906,0.07736378404906688,0.11873705813962643,0.09876099320002835,0.12683613669229013,0.107365279990342,0.06150811876199049,0.044505565163989284,0.02189848070104532,0.3689883500292627,2.2877358490566033,0.057053100666349985,0.05916185297259278,0.07121074138324704,0.10793741191661571,0.00898352102584829,0.02116363235537266,0.2242809640160512,2.856037735849056,0.41663014295424783,0.047641792924985105,0.24137537365726147,0.12761297637200122,0.23985056333999072,-0.002342885632665058,0.06577023916689194,0.0009919921174392633,-0.002266219808886941
39,11689100,0.3730337665004149,0.019347682884054376,288.58068181818174,0.8160967910275385,0.12042680788084625,0.0021637251798684244,0.016445491954042653,0.00034784542864720123,0.030342284692576844,0.01112403863428322,0.020340744796434284,0.48182973881650426,0.5051157060851562,0.061669076318963824,0.06398174367573209,0.06627533343028975,0.07046581858312445,0.06528441026255229,0.12062169029266581,0.12659922491894157,0.14904406669461293,0.12424104507618208,0.07273733649297208,0.04631254758706829,0.01971315156855532,0.3938228777236913,2.505909090909091,0.05025930140044999,0.0633978663883447,0.07647389448289432,0.1094665970861743,0.010769434772565895,0.03400296002258514,0.2559332198372843,3.000227272727272,0.43865721056368756,0.04483433283999624,0.2661500029942425,0.1276728747294488,0.2403548605110744,0.001349745367051356,0.08750639484648091,0.002424230046282434,0.0006145896604529006
40,3956971,0.2878330419909572,0.009029886749233189,68.4038961038961,0.684069961594361,0.07016579095474797,0.08129627434722166,0.016445912795418516,0.0011041273741960707,0.0839043298523037,0.03902201962056331,0.055931923686072,0.46929254725394753,0.4787434631186329,0.06674954150535851,0.06553901961879427,0.06410559996522593,0.06684001474865497,0.068042449641405,0.12806639219746618,0.11648733336686067,0.1328316533024882,0.11131797528968497,0.07087921544029512,0.04153050401430791,0.01564631128203871,0.36908281612374716,2.484415584415585,0.04624673771933128,0.0551320694541355,0.07865359639987253,0.10391913410535483,0.011509308508957988,0.03089863433419148,0.24646806863128387,2.9996103896103903,0.4206192059532405,0.051536389829493316,0.248108970219898,0.12097384590384919,0.243285078409723,0.002166848746174789,0.0882270807645545,0.0027987727405634254,0.0001945932886543773
41,4217737,0.16905534887547516,0.004368930542610883,109.03055555555558,0.7597946481727049,0.016408325127906267,0.012614110362974268,0.033492605157694755,0.003178007542907488,0.10670698528618545,0.048515353138424706,0.03432148566873658,0.44953063692686385,0.45879389824448513,0.05632309458840132,0.056242008451451574,0.05750785314494479,0.06042576860529711,0.05999615433584408,0.1242713806005448,0.11843436421000171,0.12781143063211386,0.12081502473957006,0.06876697148257466,0.039267502928703235,0.018462981451901814,0.3601310370940625,2.414722222222222,0.043873764532971114,0.054934435219645035,0.0712363051560588,0.10272925979026193,0.010162321643099131,0.02489747464102195,0.22843221376771478,2.9169444444444452,0.39726564268943276,0.03713460559537022,0.2239316960730363,0.1361993410210262,0.21326934325208044,0.0009569737622331598,0.06896968682494901,0.0017003130894600587,0.0006892321640728192
42,12801989,0.610897572244438,0.04191122176405557,459.2686567164179,0.8128649384091801,0.10761523072703781,0.0020967835544929776,0.027268262767605876,0.0002853462848624538,0.05621470226228128,0.02351064354140595,0.018577972532236982,0.48354697070900465,0.5086722071078174,0.056986301113053604,0.05886858674851228,0.06179906887906247,0.0706972955530582,0.06828204586021751,0.11803782990283776,0.12620452962426384,0.1515705098637407,0.12672593297807083,0.07651451661144218,0.05265533347982099,0.0238772272027417,0.39204095551089757,2.4183582089552234,0.04847488933164995,0.06349325874284066,0.07613090434619182,0.11272763943165394,0.00973739315039249,0.02970358746597892,0.2547500236096125,2.937611940298507,0.43487890826964465,0.0428379527587471,0.2727483987058573,0.11929255680504022,0.2313399113215923,0.0009511186650761847,0.08101155218927308,0.0022822329789535046,0.00044141578312557525
44,1059361,1.2270651836342852,0.04943074173959585,1109.9,0.8088545830930155,0.0568163260682619,0.0057185416491639775,0.028750350447109153,0.0005229567635584093,0.12333378329011546,0.060086221788417736,0.032837720097303943,0.4799119469189445,0.5136747529878861,0.05422891724350812,0.057053261352834395,0.06024763985081573,0.07556064457724987,0.0775627949301513,0.11984771952148511,0.1291910878350251,0.153252762750375,0.1232714815818215,0.06973921071287313,0.04838010838609313,0.025251071164598283,0.3904240386421626,2.408,0.04953552188536297,0.06608889698601327,0.072665503072135,0.10093348726260454,0.00971906649385809,0.03373826297173485,0.2450165713104409,2.9840000000000004,0.43742218186246234,0.046998143220299785,0.2368899742391876,0.153534064402975,0.21560450120402772,0.0013587590462552424,0.0733744209952981,0.001963549846558444,0.00025487062483893594
45,5148714,0.5312151733423142,0.012237813170434403,140.9326086956522,0.5943231649689612,0.2506808496257512,0.003792014860409803,0.01146907752110527,0.0005255681321588264,0.04577492554451461,0.02203734757844386,0.015525236010390167,0.4370219437319688,0.46133131496525154,0.05871310777798106,0.05746153311292878,0.05773985503953026,0.06389731494116783,0.06457806745529078,0.1149910443656416,0.11678489036291392,0.12807625360429808,0.11338656604348192,0.0716767332580524,0.03731300670419837,0.013734886031735304,0.34983123941240474,2.5054347826086962,0.040964598150140016,0.05185353080400271,0.06803407608191094,0.09704772881150517,0.009151022954469797,0.03611717411376899,0.23625608258683625,3.021739130434783,0.41518775367985095,0.0653565142674462,0.24254697386570706,0.10728426554669768,0.23836767783178478,0.001167727155557679,0.09295932926163698,0.002225996841347179,0.0019249466954272465
46,870482,0.6231076575965959,0.007842781355616774,14.315384615384614,0.8029976495780499,0.011721092452227617,0.06752695632994134,0.008726199967374396,0.00045032522211832065,0.02506772110164254,0.00857111347506324,0.01972010908898748,0.46029670917951204,0.4594167369342502,0.06665157924000727,0.062200022516261104,0.06034243097502303,0.06447347561465946,0.06471472126936571,0.11918339494670768,0.10521067638388847,0.1326598367341312,0.11126823989467904,0.06561422292477041,0.04537371249491661,0.022021133119352266,0.36662217024590976,2.4327692307692312,0.051281933457555696,0.05690180842337923,0.07538467194037327,0.10916021238807924,0.010331057965586882,0.025304371601021045,0.23478141994894783,3.0010769230769228,0.4133859172274671,0.046763746981557344,0.2502647958257609,0.11635737442014883,0.22474100555784038,-0.0016737979590617617,0.0689376690155569,0.0008629706920993197,-0.003336082767937763
47,6829174,0.5143387765489648,0.007109937453636413,138.7642105263158,0.720723765421704,0.15482326266690524,0.0029277332807745122,0.013360620186277285,0.0005333002204951872,0.04247351143784007,0.02078655486007532,0.01610868312917492,0.45298362583820534,0.47628029392720117,0.059716299511478256,0.060355908342648756,0.061345779152793586,0.0640174053260321,0.06241516177505508,0.12065836951877343,0.12507076258417196,0.135658573057298,0.11505271354925208,0.07132253476042637,0.03901950660504477,0.014630905582432078,0.36513229857666535,2.477684210526317,0.043115316727908824,0.055181490470150564,0.07446947463924627,0.1034135314168302,0.00992330844110869,0.03303986690044799,0.2458828842258229,2.955263157894737,0.4117823033942319,0.046650004817566516,0.24901869537955834,0.116113603197107,0.2419696730527001,0.0013099532693119256,0.09319692249750848,0.002534709565168498,0.0008905908679439124
48,28995881,0.4442342000230998,0.007219922029615172,105.21417322834647,0.6104850547565704,0.10275935399238258,0.005896423702387246,0.03326665604676747,0.0007468647012311852,0.3262849988934635,0.09063997745059031,0.023417153629510343,0.43013971536164053,0.43707176891779903,0.0665085154681108,0.06650027291807412,0.06490173552581485,0.06494453470822287,0.06266679739787868,0.12462021760952875,0.11927149238886724,0.11847668984432651,0.08958827634863034,0.050774660028436454,0.028433383348483186,0.01052490869306575,0.30773105324856315,2.6097244094488197,0.03499134928854205,0.03961462664300491,0.0792613612947301,0.07645085865816596,0.009429994556813086,0.029757640404166372,0.21510462123913393,3.1107086614173225,0.3440983910783742,0.03636733782981107,0.19607450451324449,0.11165654873531865,0.20605443924949202,0.0012178983999485997,0.06853401005473847,0.001956056020474081,0.0004664110740418613
49,3205958,0.5108538539806199,0.004194066173044063,96.04827586206896,0.7422305594770736,0.009135178938713483,0.010270564991805882,0.01724445547945419,0.00765886515044801,0.11177314238053025,0.05201378183993677,0.02355551757072301,0.43304279095359327,0.4290661324945617,0.08232297491108742,0.07784630990175168,0.07110230389793004,0.06896222595554902,0.0706556355385816,0.1390183527045582,0.10370535109942176,0.09574797923116897,0.07493579142334367,0.04311472576995706,0.025030583682007064,0.009666689332798496,0.27376902629416855,2.939310344827586,0.023649405263574882,0.027510965521070456,0.09219085215713993,0.07494390132372289,0.0072686541745088365,0.017795616785996574,0.2059396910377491,3.407241379310345,0.30559009194755515,0.0318210656533866,0.19280882656603737,0.08096019972813119,0.16444944069760115,0.0003061772690097624,0.04532093059235336,0.0017434285801623108,9.045658115296582e-06
50,623989,0.19470695797522072,0.00936875489792288,65.85714285714285,0.9556129995881337,0.010059472202234335,0.003536921323933595,0.012735801432397045,0.0002564147765425352,0.0147566703900229,0.003373456903887729,0.017232675576011755,0.4939285788691788,0.508879162933962,0.05120603087554428,0.055536235414406346,0.06031676840457124,0.07373847936421957,0.07027527728854195,0.11157568482777741,0.12557753421935322,0.16443078323496088,0.1441900418116345,0.07938922000227568,0.04606331201351306,0.020508374346342645,0.4109719882882551,2.3392857142857144,0.051590653040358085,0.06416940042212282,0.07588755571011668,0.12346692008993748,0.011553088275594602,0.02679534414869493,0.2569917097897559,2.8314285714285714,0.5168985350703298,0.10592654678207468,0.29072147105157303,0.12025051723668205,0.20446834799972435,0.0016258771003976032,0.06562455427900171,0.0020358728647460133,0.0010945705773659472
51,8535519,0.5699439014780472,0.016393847872636685,851.3699248120303,0.6422687360897446,0.18161086631053133,0.0034224046598689546,0.051531605752386,0.0007004846453976612,0.07400733335606188,0.029786237954598893,0.027330616919720992,0.45962161176139377,0.47702934057085455,0.05965964108333659,0.05992617437791422,0.059857402930038585,0.06450422054007494,0.0669776495137554,0.127670268205132,0.12983803328186605,0.1421263311580702,0.11179238192780076,0.06435261874526903,0.03564387824571652,0.014302352323274073,0.3577323183276846,2.446541353383459,0.04029526499794564,0.052757190277474636,0.08059146725582826,0.09910434268847623,0.008588112802513825,0.028635399909484122,0.23965689725487108,2.9470676691729323,0.39388571450663984,0.03615339617895526,0.2406090361933469,0.1171232821343377,0.22078540273883757,0.0007400490045186474,0.07807715031739722,0.0019278683760179075,0.0014569705720296562
53,7614893,0.38412397915505836,0.016571473821102935,131.11025641025643,0.68239461802024,0.031522701632183146,0.01364024418990523,0.06317449240586834,0.005315242118306849,0.09925155875466668,0.045936167455012174,0.0410939457717922,0.43988891242463946,0.44318849916866854,0.05773646458328436,0.05645213924870645,0.057549462612278335,0.06068739245580995,0.06060649834475678,0.12262562323594041,0.11928007392881292,0.12977267047613145,0.10967521145733762,0.06004286599956165,0.03324879285894102,0.015400216391747067,0.34407259563594655,2.481794871794872,0.0435143343445535,0.04993661762548732,0.07403321359866777,0.09522051064932889,0.00987013212135745,0.024087666103778476,0.2215993054662751,2.9776923076923074,0.37895174626879197,0.0348791506328454,0.21982186749045587,0.12425072814549068,0.200485023230136,0.00094267372607862,0.06350909986522463,0.00167931762337304,0.0004030260175684675
54,1792147,0.148438716243701,0.0043523215450518285,96.60181818181822,0.9708958026322617,0.03522255707818611,0.0021131079091168303,0.006922423216399101,0.00023881969503617727,0.012425320021181298,0.0034143404530989924,0.015144962996897018,0.5097717988535538,0.5241802151274421,0.05806443333052479,0.05915586165643778,0.06084601318976624,0.06701012807543132,0.06539865312387878,0.12314726414741647,0.13251926320776142,0.15409227033273498,0.14776968630363468,0.09124251526241987,0.0546623686561426,0.020043556694847017,0.4262100151382671,2.3754545454545455,0.05424164424012093,0.06701403400502302,0.07950129090973006,0.1327725906412811,0.011542021943512447,0.028889371240194025,0.2802962033806379,2.867090909090909,0.4921008153907018,0.06589080025243466,0.31303961114796947,0.11317040399029767,0.28902707199800015,0.001513667482075968,0.11730845739774695,0.0026879879228657016,0.000535670344006379
55,5822434,0.39505265323746047,0.010946109479300237,160.76388888888883,0.8419274482115212,0.06168348151305794,0.009364812035653817,0.02219587203564695,0.00031378629624655255,0.057717442567833316,0.02333508632300512,0.017916390293131704,0.48474572661536397,0.4919911500928993,0.06156239813109088,0.06330977731993184,0.06456526600387398,0.06856393734991242,0.06639010420727826,0.12395056775224932,0.12463275667873608,0.1500666216225036,0.12019217392588735,0.06878497892805654,0.04436512290220894,0.02035317188653405,0.3915489638869243,2.4081944444444443,0.05033616525322571,0.060014076587214214,0.07932129415292642,0.11498644724869359,0.010886340660967561,0.027786489292965795,0.25228572792752996,2.915833333333333,0.4507321164997319,0.059183152612807634,0.266479276536239,0.1250696873506853,0.23243664075883042,0.0010381495651131467,0.06884268675265362,0.0020184292275361128,0.00011060666381104535
56,578759,0.20532898840449998,0.0026988781167981836,6.504347826086956,0.8834057008184754,0.008203760114313558,0.02304240625199781,0.007647397275895493,0.0007377855031196059,0.08679087495831599,0.029457857242824733,0.021357767222626344,0.49664368070302145,0.4772089937262315,0.06946414656186772,0.06429792020512856,0.06212430389851389,0.06590307882901172,0.06966284757558845,0.1341646522991435,0.11570619204193801,0.14440725759772202,0.12701832714480465,0.06836697139914887,0.03787414105007438,0.014862835826311125,0.3920094547125833,2.3899999999999997,0.05745396615862561,0.05222899341522119,0.08159181973844035,0.11803185781992159,0.012455961807937328,0.024941296809207286,0.2533766213570761,2.9208695652173917,0.452464670095843,0.0604552153832597,0.27140312288880175,0.12060633182378157,0.21582731326856255,0.0004017107828992723,0.065296608778438,0.002077438446745537,-0.0003697566690107627
