STATE_FIPS,population,covid_cases,covid_deaths,POP13_SQMI,WHITE,BLACK,AMERI_ES,ASIAN,HAWN_PI,HISPANIC,OTHER,MULT_RACE,MALES,FEMALES,AGE_UNDER5,AGE_5_9,AGE_10_14,AGE_15_19,AGE_20_24,AGE_25_34,AGE_35_44,AGE_45_54,AGE_55_64,AGE_65_74,AGE_75_84,AGE_85_UP,HOUSEHOLDS,AVE_HH_SZ,HSEHLD_1_M,HSEHLD_1_F,MARHH_CHD,MARHH_NO_C,MHH_CHILD,FHH_CHILD,FAMILIES,AVE_FAM_SZ,HSE_UNITS,VACANT,OWNER_OCC,RENTER_OCC,Prevalence of obesity,Hypertension,Diabetes,CVD,HIV/AIDS,people_vaccinated
1,4903185,0.6038970587485482,0.015324120954032941,89.7597014925373,0.6680135462969478,0.25520370942560805,0.0057550347376246255,0.010930650179424193,0.0006234722940292891,0.03785335450324636,0.01976470396283232,0.014531574884488347,0.4732001749882984,0.5016225167926562,0.062195695247069,0.06286301659023676,0.06519333861561412,0.07005058956576185,0.06838860862888102,0.12418907302090375,0.12634665018758215,0.14151087507405902,0.1199287809862365,0.07556333281326323,0.0431570499583434,0.015435681093003834,0.38419741453769335,2.4667164179104484,0.04690604168514955,0.058473624796943215,0.07802295854633264,0.10605249445003603,0.009363301609056155,0.038237798492204565,0.2603287454990991,2.9992537313432837,0.4429473903187418,0.05874997578104845,0.26770130027726874,0.1164961142604246,0.2629213460230442,0.000923484907871108,0.10565683326246103,0.0029074566835638467,0.0012149245847342086,0.224057831797087
2,723231,0.12119087815649494,0.0018196122677263558,8.139285714285714,0.6545280830052915,0.03216399739502317,0.13520714681754514,0.052703769611645516,0.010244306452571862,0.05425928921741463,0.015346410759494547,0.07151795207893467,0.5056254502365081,0.4660862158839984,0.07341084660364393,0.06921440037830237,0.06907198391661863,0.07095934770495181,0.07424322242824215,0.14141816376786948,0.12747656004789618,0.15242432915624468,0.11808951773361485,0.048540507804560366,0.020405651859502702,0.006457134719059333,0.3543999081897762,2.634642857142857,0.05185618426201311,0.03913825596524485,0.0847142890722328,0.09065983067650583,0.01382960630835791,0.02740203337522866,0.2341312803239905,3.2228571428571433,0.4214199889108736,0.06702008072109741,0.2233283694974358,0.13107153869234034,0.24019158470806698,-0.00383280030861509,0.058541461856585236,-0.00383280030861509,-0.00383280030861509,0.33562305819302546
4,7278717,0.7466898355850351,0.01796333062543852,53.50000000000001,0.6412010523283156,0.035584293220906935,0.040739185216295666,0.024275569444450168,0.0017376688776332425,0.2603685512158255,0.10464976176433292,0.029991549334862175,0.4363163178345854,0.4418627623522112,0.06260924830571102,0.06232966606614875,0.06164053362701146,0.06341529695411979,0.060805221579572334,0.11769835260802144,0.11299985972802624,0.11575474084237647,0.09977417723480662,0.06840381347427026,0.038542369486270725,0.014205800280461516,0.3271167157618575,2.6660000000000004,0.039652730007225176,0.04566560288028783,0.06902466464900339,0.08842561127187662,0.01159393887686525,0.02767314624266887,0.21659311661656852,3.198,0.390800466620697,0.06368375085883955,0.2159291259709644,0.11118758979089308,0.19276034498937106,0.0010661009462244512,0.06755517490239007,0.0016593990252677774,0.0003073343832436403,0.2789104178662256
5,3017804,0.4656067789690782,0.0064745755522890155,53.83733333333336,0.7439943084441535,0.14908025836005254,0.007372248164559395,0.011963003561530171,0.0019428034425032247,0.06165078977958807,0.032994521844361004,0.01889122023829248,0.4743969455935508,0.4918414184619014,0.0655075677545659,0.06523849792763214,0.06546449007291395,0.06753420699289947,0.06615737801394657,0.12455812239628553,0.12134916647999673,0.13495442381281222,0.11630675815924428,0.07773930977624789,0.044395527343724116,0.017032915325183477,0.3801055336927117,2.443733333333335,0.046533505820788884,0.056452639071324716,0.07841695484531136,0.10989116589414023,0.01065410477287458,0.034706694006635286,0.2570779944621984,2.9576,0.4361777636983714,0.056072230005659744,0.254541381746462,0.12556415194624965,0.2497594277163129,0.0014713441031955687,0.09776645534302426,0.002799790818422932,0.0010769420412989046,0.24766750922193753
6,39512223,0.4576201141606232,0.012412057909270252,667.1568965517241,0.5429695514727177,0.058186349069754936,0.009181994138876977,0.1230253990012154,0.00365421100199804,0.3546679466756401,0.15988399336579975,0.04594487128704452,0.4686607989633992,0.4741855703740081,0.06406455541618096,0.06341933735289962,0.06557287348778124,0.07147003599367213,0.07000236357240644,0.13458815010231134,0.13116725930606335,0.1329302833707939,0.10215808409463573,0.057585623567674236,0.03467812985364048,0.015209673219347844,0.3183191692353022,2.710172413793104,0.03320182719155032,0.040938319263889564,0.08044490435276193,0.07680542297000095,0.010836874452748457,0.026342835734653552,0.2187291006127395,3.212068965517241,0.34622402794193585,0.02790485870663364,0.17805556017437946,0.14026360906092275,0.1745232101975128,0.0012288923365562096,0.06312684558396019,0.0019063421580709347,0.00015354742252796054,0.28657453669463245
8,5758736,0.5024501904584617,0.025007397456664103,150.69999999999987,0.7100867273651718,0.03503147218417375,0.00972609267033599,0.024142103406025208,0.0011500787672850431,0.18036718474331867,0.06323262604849397,0.02994684944751765,0.4377109837992226,0.4356049660897808,0.05972838484000656,0.060534638156706615,0.05776510678732277,0.058949568099666325,0.06053672194731621,0.12611760636361868,0.12149263310559814,0.12896892651442954,0.1037804129239472,0.0538243114461229,0.029529396728726582,0.012088242975541856,0.34258698436601365,2.368125000000001,0.04538912705843783,0.05025582002717263,0.07739910285868287,0.09128322604127016,0.009707512204067004,0.023497343861569618,0.21906317636370204,2.9209375,0.3842680060346576,0.04168102166864395,0.22454580310679287,0.11804118125922078,0.1565416438607361,0.0004372263277913766,0.04547265233203953,0.001439448690302872,0.0004490568763700923,0.27637210665673856
9,3565287,1.1929446353126691,0.10623773065113692,707.6125,0.7776120127215564,0.10161762573391707,0.0031571090910773804,0.03802358688094395,0.00040052876528593633,0.1343754373771312,0.055666205834200726,0.02599398028826291,0.4879309856401462,0.5145400636750982,0.056687161510419776,0.062427232365865636,0.06739008668867331,0.07035450441998077,0.06392136173048621,0.1179083198631695,0.13587629831763895,0.1614447869133677,0.12438044959634385,0.07150728679065667,0.0467611723824758,0.02381238873616626,0.3845656745165256,2.495,0.04429461078448944,0.06050705034405365,0.08445042432769087,0.10403734678302196,0.008534516295602571,0.03134866842416894,0.2548633532167256,3.0337500000000004,0.417327132430012,0.03276145791348635,0.2595263719302261,0.1250393025862995,0.1973397934023264,0.0007408631049898647,0.06851510130881469,0.0018697476194763558,0.00031133538478108496,0.33045306030061533
10,973764,0.99794097953919,0.039055664411500116,583.8,0.6352843194038802,0.19698202028417566,0.004293648152940548,0.02931819208761055,0.00041077714928873933,0.07519378412017698,0.03134126954785759,0.024496695297833968,0.4466575063362375,0.4754694155873497,0.05739172941287622,0.058007895136809325,0.05837964845691564,0.06632305158128664,0.06456081761083794,0.11441889410575867,0.11921471732370473,0.13715232849027073,0.11391774598362643,0.07440509199354259,0.042186813231953536,0.01616818859600478,0.35151946467521905,2.5466666666666664,0.03793013502244897,0.05192325861296988,0.07014122518392547,0.09959189290218164,0.010093821500897548,0.032348700506488234,0.2369475560813503,3.03,0.4168207080976499,0.06530124342243089,0.2533714534527873,0.09814801122243172,0.2293984990202965,0.000856739680251067,0.08550223668157787,0.002047668884863273,0.0010382392448272887,0.28624081399599904
11,705749,1.2629589273240205,0.0641956276239853,9996.6,0.3279792107392288,0.4323420932937914,0.002945806511946882,0.029834969656350917,0.00042791417345260134,0.07757573868329959,0.034536357826932804,0.02453563519041472,0.4027239145928652,0.449878072799253,0.04621047992983341,0.03704858242803037,0.0354814530378364,0.056562602284948325,0.09083966112598103,0.17675547538855882,0.1142885076705741,0.10726618103603404,0.09065120885754,0.05238264595486497,0.030499511866116706,0.014615677811799947,0.37790630946696346,2.11,0.07362957652083106,0.0927624410378194,0.03244212885884358,0.05067382312975293,0.0065150641375333156,0.038206217791311066,0.1597097551679138,3.01,0.4204313431545776,0.04252503368761415,0.15877457849745447,0.21913173096950897,0.18057694732829946,0.0015459588748974495,0.061988043907961615,0.002269168126345202,-0.00014027650056889918,0.23898439813588118
12,21477737,0.6094616485898864,0.013903047606924323,324.12985074626863,0.6569203263826165,0.1396730949820272,0.003327073052435645,0.02117639302501935,0.000572034195222709,0.1966597318888857,0.03171395571144204,0.02200310954547958,0.4278548992382205,0.4475310876560226,0.04998226768490554,0.05029650004560536,0.05265205547493202,0.05719326947713346,0.05721077597700354,0.10660084905593173,0.11319879743382648,0.12764347566040127,0.1088414482401009,0.08045261006781115,0.05110114720186768,0.02021279057472396,0.3455113543852409,2.4747761194029856,0.04106414935614492,0.05306965068060941,0.062156082831259174,0.09880822174142463,0.009488988527981324,0.0295668021263134,0.2251389427107707,2.9547761194029847,0.4185534071862413,0.0730420528010004,0.23275166280320875,0.11275969158203213,0.1982977536227397,0.0008702103043723832,0.07918427346419225,0.0018246821844405672,0.0004361260220292296,0.2643418624597182
13,10617423,0.6101701891315812,0.021266742410093298,193.32515723270444,0.5450889542594282,0.277886168800094,0.0030281359233780172,0.02961801559568645,0.0006403625437170583,0.08040453884148724,0.036625836608374734,0.019542312668526064,0.44541608637048746,0.467013700028717,0.06468471680934253,0.06547360880319075,0.06495775858228499,0.06687112305876859,0.06405320763804928,0.12578946887582795,0.1316270435867536,0.1310348094824893,0.1007360260583006,0.0571164019743774,0.029365223557543105,0.010720397972276323,0.33770755860438073,2.5956603773584908,0.037677786784985394,0.04798085185077396,0.0770016415471061,0.08448509586554101,0.009253940433568484,0.03640252441670639,0.23148837528654556,3.087044025157233,0.3851029576574278,0.04739539905304705,0.22174891214186346,0.11595864646251733,0.22650901259185025,0.000927589935994826,0.0834644150468527,0.0022528790050090307,0.0010851974156064047,0.21911296177989706
15,1415872,0.06591697554581205,0.001324978529132577,381.88,0.23773264814898526,0.015131311304976719,0.002940943814130091,0.3708513198933237,0.095645651584324,0.08534811056366677,0.011996140894092122,0.22645337996655066,0.4811473071012069,0.4796040885051756,0.061733687790986765,0.05887608484382769,0.05758924535551236,0.060735716222935415,0.0676819656014103,0.1308967194774669,0.12456846381593815,0.13685206007322695,0.12399567192514578,0.07099723703837635,0.0454680931609637,0.021356450300592144,0.32159545495638026,2.514,0.03634862473443927,0.03864049857614248,0.07507034534195181,0.0874273945667405,0.010026330063734577,0.023140509876599016,0.2217057756633368,3.074,0.3669173484608778,0.04532189350449759,0.1855266577769742,0.13606879717940604,0.18242609501423854,-0.000349607874158116,0.07951001220449308,-0.000349607874158116,0.0002712109569226597,0.29785672716177736
16,1787065,0.328012691200376,0.005140271898336097,35.42272727272727,0.7814416375453607,0.005489447781697924,0.011997884799937329,0.010670568781773469,0.0012965392976752384,0.0984301074667122,0.0444992207893949,0.02178712022226388,0.4394490407455801,0.43773337847252336,0.06814077831528233,0.06781790253851988,0.06544529717721516,0.06455221270630895,0.06055123904278804,0.11693195267099965,0.10721993883826274,0.11669245382792455,0.10089896002663586,0.06129267821819576,0.03351416988190133,0.014124835974069216,0.3242232375431224,2.624772727272728,0.03602890773418986,0.04107237285717084,0.08213299460288237,0.0971497958943855,0.01002313849804008,0.021770332920179176,0.2255900037211853,3.108636363636364,0.3736831060985471,0.04945986855542468,0.2265742992000851,0.09764893834303733,0.19619767607781474,0.00029962438075839445,0.059521058271523423,0.0017087510734080742,-0.0008281735695120211,0.24565474674955864
17,12671821,0.949562576680968,0.043313664231841666,193.80686274509804,0.7242745142943544,0.14728853887693014,0.003469351405768753,0.046318046948422016,0.00031960678737491635,0.16000683721779213,0.06797854862375345,0.02288400380655629,0.4965565722558739,0.5159760384872861,0.06593977298132604,0.06782016570467654,0.06940186418352974,0.07276712636644725,0.06936366919955703,0.14015010155209734,0.1361990514228381,0.147640895495604,0.1162585077551206,0.06704127212655545,0.041412043304588975,0.01853814065081885,0.3817108843314627,2.4344117647058816,0.046986222422175934,0.05925833390481131,0.08511894225778599,0.0989899557451135,0.009838128237449062,0.03139201540173271,0.2511859976557434,2.9526470588235294,0.4179916209359333,0.03628073660447066,0.2575509076398728,0.12415997669158994,0.22455541314859168,0.0009404805017368854,0.07509165415136466,0.002258108352935225,0.0003988377045414389,0.2897201593993476
18,6732219,0.5723020894002409,0.030000509490258714,177.7434782608696,0.8121996625481138,0.08784577566475482,0.002742335030990525,0.015221429962394272,0.00034877059109336765,0.05788685721602343,0.025743963468805756,0.018998342151376836,0.4738017286722253,0.489298550745304,0.06447725482489503,0.06607345958293989,0.06716522442303201,0.07063272897093811,0.0671436862050982,0.12289335804435357,0.12489641231219603,0.14063238287405685,0.1142480659051644,0.06718958489021228,0.04062568374558225,0.01712243763906076,0.3716685390062326,2.5291304347826085,0.04508364923957465,0.05472296727126672,0.07906932320532056,0.10530777444999932,0.011214281650671195,0.031331422819132884,0.24867372852843914,3.012717391304348,0.4152480779368586,0.043579538930626,0.25964321719183525,0.1120253218143973,0.2417498598901789,0.0012667756476727806,0.08590896998448802,0.0023173706975367263,0.0007948345114738543,0.2413568245477457
19,3155070,0.7164956720453112,0.01697902106767837,53.37373737373736,0.8816162557407601,0.028255474521959895,0.0035130757796182016,0.016828152782664092,0.0006348512077386557,0.04803189786597445,0.017791047425255224,0.016903903875349832,0.4780619764379237,0.4874807848954223,0.06406292094945595,0.06359478553566165,0.06367655868174081,0.06872652587739732,0.06762132060461416,0.12125975017986924,0.11554355370879253,0.1393712342356905,0.1181431790736814,0.07120475932388187,0.04867530672853535,0.02366286643402524,0.3871787313752151,2.385858585858585,0.04952663490825877,0.06060689620198601,0.08087015502033236,0.11727853898645672,0.010439704982773758,0.02526663433774845,0.2504014174011987,2.921010101010101,0.4235776068359815,0.036398875460766325,0.2791174205326665,0.10806131084254866,0.2432335891121275,0.0011503254827943596,0.07082822251170337,0.002027758404409411,-0.00016132764090812563,0.29205088952067626
20,2913314,0.4192798991114586,0.00818826944160499,49.23047619047618,0.8207299316173952,0.05761960434062378,0.009662535517970257,0.023259422087698062,0.0007681973175565697,0.10298992830844872,0.037801280603463966,0.02949664883359638,0.485841210387895,0.4934964099304092,0.07053547952606551,0.06949027808193692,0.06826727225420946,0.0699619059256915,0.07017918425545616,0.129653034310754,0.11899609860111199,0.13945081100080528,0.11370109778760545,0.06535134901352893,0.04339010487712619,0.020361004684012772,0.3817288490015151,2.401523809523808,0.04823681896287184,0.05794397720259471,0.08585343014862112,0.10921960351681967,0.011034512586010296,0.02804675362834216,0.2519821069750806,2.947333333333334,0.4233031523550157,0.041574303353500514,0.25865114436686193,0.1230777046346532,0.2409287155452519,-0.0006676002267520771,0.07294304699047202,0.0019842107284007145,-0.0002646470651635903,0.28479147802125004
21,4467673,0.2862311095731492,0.010654539846582326,115.7725,0.8526893082819624,0.07554715844243748,0.0022651613043300173,0.01095201014040195,0.0005597992511985546,0.029732704251184006,0.01243398968545818,0.016833819305933983,0.4778666657116579,0.4934145807000647,0.06320225316400731,0.06331886868174999,0.06360223767495965,0.06643167483385648,0.06490358627410735,0.1267362226376013,0.1290743525768336,0.14394450981528864,0.12064289396291986,0.07281508740679991,0.04111872108813693,0.015490838295461641,0.3849800556128437,2.474583333333333,0.0472740507194685,0.05869767102471465,0.08011463685905391,0.10976586692893593,0.010899186220656705,0.03235666531547855,0.25738342980786644,2.957916666666665,0.4313574426776535,0.0463773870648098,0.264404086870279,0.12057596874256465,0.25071351461935554,0.0012396065090260631,0.09336403984803722,0.002529578337537236,-0.0017942226299910487,0.2970794863455763
22,4648794,1.179691119890449,0.06205910608213658,126.32500000000003,0.6100919937514977,0.3124242545485991,0.006577835025600188,0.015086063181117512,0.00042226005282230186,0.041421495553470425,0.0148913890355219,0.015677829561817538,0.4773909104167662,0.49778071474021,0.06760032817113427,0.06590139292040043,0.06600335484859084,0.07029328466694804,0.07277349781470205,0.13518194181114498,0.12145063859573042,0.14076231383881496,0.11520450250107878,0.06711288992370924,0.0387577939568843,0.014129686107837859,0.3717867472725184,2.5717187499999987,0.04652798123556346,0.05335469801415163,0.07259904396710201,0.092647684539259,0.011756812627102858,0.04286531087417511,0.24955246457468325,3.0884374999999995,0.4226861848470808,0.05089943757456235,0.250021618510091,0.1217651287624274,0.26327236698378115,0.0012806922558839993,0.09484954592524426,0.0027410309351199483,0.0016942028405646714,0.24880022646733754
23,1344212,0.193961964333007,0.006872427861081437,85.80625000000002,0.9410502212448631,0.01168491279649341,0.006373994578236171,0.010095877733571788,0.0002544241533329564,0.012598459171618762,0.0031698868928413076,0.015578643844869709,0.4835963374824804,0.5046116237617281,0.05171803257224307,0.055137136106507015,0.05878016265291487,0.06569648240009761,0.05925107051566271,0.10759017178837862,0.12749179444908987,0.16260455939985655,0.14290974935501247,0.08380448917283881,0.05154916040029401,0.02167515243131292,0.4145320827369493,2.29625,0.0516376881027695,0.06704374012432562,0.0733969046549205,0.12752973489300795,0.011969094160742502,0.027522444376333496,0.26083757621565645,2.795625,0.5369911888898478,0.1224591061528985,0.2956505372664431,0.11888154547050615,0.23183768631733684,0.0006954205170017826,0.07902399323916168,0.001963993629725073,0.0011553237138189512,0.32426730307421747
24,6045680,0.9062085654550026,0.04047948287041325,804.4583333333335,0.5556503155972529,0.2812418123354197,0.0033776183985920524,0.05274063463497903,0.0005221910521231688,0.0778459991266491,0.034211536171282635,0.02724391631710577,0.4617779968506438,0.4932100276561115,0.0602889997485808,0.06068266927789761,0.06269418824681425,0.06719525347024652,0.06512054888780087,0.126047359436821,0.13159346839396066,0.14923118656627546,0.1150851517116354,0.06390629341943338,0.03691214222386895,0.01623076312342036,0.35668626192587105,2.5675000000000003,0.03873129242698919,0.05439355043601381,0.07796062643077371,0.09186956636805124,0.009393980495163488,0.033069398314168136,0.2393447883447354,3.0558333333333336,0.3934733561816041,0.03678709425573302,0.24079590716015406,0.11589035476571699,0.2317429966521549,0.001124567090054386,0.0802971708724246,0.002151385567545752,0.0005430323801458232,0.29073834539704385
25,6892503,1.430561872805859,0.09805276834845048,1538.0499999999995,0.7639076834641929,0.063024709601142,0.0027348555379663963,0.050746151289306665,0.00032252434275327843,0.09106329007038516,0.044272886061855914,0.024955085257126475,0.459430775728353,0.4905331198259906,0.0532588814252239,0.05595746566958332,0.05884843285523416,0.06713903497756911,0.06901237474978249,0.1226174294011914,0.1287121674085597,0.14688930857193674,0.11655693149498812,0.06622557871937089,0.0436800680391434,0.02106622224176036,0.3695428206560084,2.4107142857142856,0.04459686125635346,0.061643643825762574,0.07645524419793506,0.09455520004851647,0.007614069953977531,0.028558710819567287,0.23265727994605154,2.9992857142857146,0.4074360214279196,0.03789320077191116,0.23027309527467746,0.13926972538133098,0.18783858345799775,0.0006550973353221609,0.06797312964535525,0.0017045294159465727,0.0002289444052472665,0.3193127373321419
26,9986857,0.6246030157435918,0.05595514184292416,184.2771084337349,0.7813389137343211,0.1402204917923627,0.00620886030509899,0.023851247694845337,0.0002607426941228857,0.04369322600694092,0.014722249452455363,0.023062210663475004,0.4854494261808295,0.5042152901558519,0.05970707300605185,0.0638623342659257,0.0676104604281407,0.07405723342188639,0.06699525185951896,0.1165681054610074,0.12796558516858708,0.15120202482122252,0.12536446651834507,0.07256627385372595,0.04455255542359323,0.019213352108676432,0.3877604335377987,2.400120481927711,0.04837287647154656,0.059737012355338626,0.07746481200241477,0.10849229141861147,0.010467657642439458,0.03288081525549029,0.2557434235816133,2.8991566265060253,0.4538197553043966,0.06605932176659783,0.27970181209163203,0.1080586214461667,0.2397810442264268,0.001127031073740217,0.08055567432276241,0.002503432156483265,0.00043266865641512634,0.26765017262187696
27,5639632,0.4752531725474286,0.01885849998723321,123.06666666666668,0.802190994022305,0.04865778476326115,0.010801413992969754,0.037987230372478205,0.00038229444758097693,0.044374881197922135,0.0182636030152322,0.02219027766350712,0.4667205236086326,0.4737530746687018,0.06303673714880688,0.06304241127789899,0.062476062267892665,0.06522216343194022,0.06306280267932375,0.12688522939085387,0.12076922749569476,0.14325367328932098,0.1115966431852291,0.06284576724155051,0.03936959007254374,0.01891329079627891,0.3700998575793598,2.4209195402298853,0.0468250410665093,0.056729233396789015,0.08139502719326368,0.10665075309878376,0.0095945976616914,0.024196436930636608,0.2392026642873152,2.948275862068965,0.4161975462228741,0.04609768864351433,0.27020539638047303,0.09989446119888673,0.20284727797842128,0.001060717598772401,0.0599718208563963,0.001530816177722234,5.993298853542217e-05,0.29587852540733156
28,2976149,0.7319435283650113,0.027952901551636024,62.1012195121951,0.5895820404153153,0.36906250325504536,0.005050150378895679,0.008649432538491856,0.00039883755820021113,0.027377997539773716,0.012822610695902658,0.011460111708116763,0.4842633886945849,0.512762297855383,0.07088220381439236,0.06910675507173868,0.06997230313401648,0.0754730357922268,0.07086137152407355,0.13011882133589414,0.12598394771229532,0.14010588851566236,0.1167028263705883,0.07206258826423005,0.04085111330111497,0.014904831713734763,0.3749032726520077,2.5685365853658526,0.04486300921089637,0.05385751855837863,0.07445796564620924,0.09577309469384764,0.010891591785223118,0.04724998647581153,0.2588129828177285,3.1132926829268293,0.4283115529498019,0.05340828029779423,0.26110016669192304,0.11380310596008468,0.2695315321914326,0.0019096737250050323,0.10718246969489767,0.0030620854859753324,0.0022334231249846693,0.2363977744393846
29,6137428,0.2998946790088617,0.012990946696238228,128.3539130434783,0.8079557104376621,0.11297745570294268,0.004460500392020892,0.01598112434068473,0.001020134166950716,0.034618736056862914,0.01310923728962686,0.02029987154228123,0.4779651997546855,0.4978388341174838,0.06358314916280891,0.06361997240537894,0.06467285644735872,0.06904944546803644,0.06733911990495041,0.1263504842745202,0.12197552460085885,0.14477921370319946,0.11784708513077465,0.07340045374055712,0.04464818161614279,0.018538547417582738,0.3870694694911289,2.4459130434782606,0.048612871711081584,0.06092421776679091,0.07818649766644921,0.1093397755541898,0.010862530688751051,0.031888276326826163,0.25289632725630345,2.9556521739130432,0.4419976902376696,0.05492822074654073,0.2661717579416003,0.12089771154952855,0.2384347319430876,0.0007313052738052488,0.08597396173120075,0.002472731562309164,0.0001937293602466701,0.24464792092062018
30,1068778,0.09944534786457056,0.0021323417959576265,7.423214285714287,0.8280119912647903,0.0037678545029931373,0.05852946074863068,0.0058506069548587255,0.0006250128651600238,0.026726785169604916,0.005590496810375962,0.02336874449137239,0.4647054860784934,0.4610386815596878,0.05840595521240145,0.05685465082552224,0.05719054845814566,0.06243017726787041,0.06281753554058933,0.11495745608536105,0.10567676355613607,0.14019001139619267,0.1299222102251356,0.07554609095621355,0.04302015947184542,0.01873260864276772,0.3832479710473081,2.3125,0.055693511655367164,0.058245023756102764,0.07226570906212515,0.116371220215985,0.011128597332654677,0.023895514316350074,0.2405429378224477,2.8789285714285717,0.4517542464384559,0.06850627539114765,0.2605012453474903,0.12274672569981793,0.18976344947220095,-0.0012818057024003107,0.05936031617417275,0.000958039796852106,-0.001508264578799339,0.29046537260310373
31,1934408,0.7514686663826866,0.0096567011716246,42.50215053763441,0.8130849334783562,0.04284773429390284,0.009525911803507843,0.016693996302744818,0.0006611841969222626,0.08654068841733492,0.04089571589861085,0.020424853495229548,0.468513364295433,0.4756209651738413,0.06819037142112729,0.06664984842908013,0.0634333604906514,0.06665088233712846,0.06682974842949367,0.12674471983159705,0.11416309279117952,0.13374944685919413,0.11020219105793608,0.0636504811808057,0.043549757858735084,0.02032042878234581,0.3727910554546921,2.363548387096774,0.049025851836841036,0.057883859041112325,0.08237042030429982,0.10696812668268536,0.009662904619914724,0.025724666151091185,0.24152402181959545,2.9067741935483857,0.4119053477859893,0.03911429233129722,0.25058312413927153,0.12220793131542053,0.23024873759827294,-0.00012038323042501893,0.06735445676403322,0.001228095635977518,-0.0015456925322889484,0.28624881617528464
32,3080156,0.5026271396643547,0.014844378012022768,46.9470588235294,0.5800641266221581,0.07097887249866565,0.010409213039859021,0.06345003305027408,0.005477319979897122,0.2326184128336357,0.10544693190864357,0.04093136841121034,0.4427100445561848,0.4340478209545231,0.060866397675961866,0.059437573941060126,0.05946874119362785,0.059282711654864234,0.05762987329213196,0.12573583935359114,0.12435831172187382,0.12224283445383935,0.10242955226943053,0.064211358126017,0.0312941941901644,0.0098004776381456,0.3266879989195353,2.4599999999999995,0.043543573767042966,0.04035120299101734,0.06895916960050075,0.08119848475207099,0.012724355519655495,0.027084991799116668,0.21317783904451595,2.9970588235294118,0.3810891396409792,0.05440114072144398,0.19202923488290846,0.13465876403662672,0.1835618066097951,0.0008011213678787697,0.07266060550179926,0.0022026079594669877,0.0002113529314748993,0.2639314372388931
33,1359711,0.3512842067174569,0.01962622939727633,178.61,0.9090534679795929,0.01105749677688862,0.002316668762700309,0.020891939537151644,0.0002824129539291805,0.026993971513064173,0.00887100273514004,0.015725400471129528,0.4775970776142872,0.4906013116022449,0.05133885068224056,0.05718568136905563,0.06223381292053973,0.0688528665282549,0.06217938959087629,0.10625199031264733,0.1317765319247987,0.16618310802810304,0.1310888857999972,0.07116365168774835,0.041733132996644134,0.018210487375626142,0.3816789008840849,2.389,0.04479334211461112,0.0530634818722508,0.08189607938745808,0.11714253984854135,0.01043898298976768,0.023994804778368344,0.2531398216238598,2.873,0.4521210757285923,0.0704421748445074,0.2708781498421356,0.11080075104194936,0.21315191242844986,0.0008601541099542478,0.07065251365915258,0.0018530545638006906,0.000756778462482101,0.2969520729037273
34,8882190,1.8628060196865863,0.13862515888536495,2179.304761904762,0.6788019621287092,0.13564515057660329,0.0032678877619145732,0.08170575049621771,0.0003425956886758784,0.17508564892216896,0.06301621559547814,0.02705447642979941,0.4818181101732794,0.5080159285041189,0.060910653791463584,0.06358229220496296,0.06612502096892771,0.06733688425939999,0.060935197288056214,0.12494677551369653,0.13941347798234446,0.15527657030529632,0.11778232620558668,0.06883820319087973,0.044465160056247385,0.020221476910536704,0.3618882280158384,2.6585714285714284,0.037672015572736,0.05365917639681205,0.08856655847262894,0.09645278923328593,0.00856230276542159,0.028536543352484012,0.250682095294066,3.19,0.4000772332048741,0.038189005189035584,0.23670569983303666,0.12518252818280176,0.201254758117086,0.0010277331390118878,0.07250227702852563,0.002078285544218261,0.0004104843512692253,0.31240797596088354
35,2096829,0.4380266583493456,0.01806585086337513,36.333333333333336,0.6714310036726886,0.02029254650713053,0.0921496221198772,0.013452694521107823,0.0008632082062962692,0.4546880074626972,0.14712835429117013,0.03672688616954459,0.4852188709713573,0.4968254445164579,0.06914297732433118,0.06834510587177113,0.06757394141343906,0.0714703011070526,0.06789776371845296,0.12745197629372734,0.11852325583058992,0.13926219066981618,0.1225355048027283,0.07334599054095492,0.041237506730401004,0.015257801184550576,0.37742467316123535,2.458787878787879,0.05060355422402113,0.054959178836233184,0.07477719928520637,0.0961256258855634,0.015078959705345547,0.035859385767747394,0.2473725802151725,3.0209090909090914,0.4298815020204318,0.05245682885919643,0.25854373437223543,0.11888093878899995,0.19522049723654147,0.0008793839378413784,0.06551464139421956,0.001891273683738636,0.0006929511180930824,0.36135517011639956
36,19453561,2.0665165107817534,0.15475053641849942,3058.5258064516124,0.654943020457797,0.15800706102085885,0.005495446309290109,0.07300689061503958,0.00045061158725644113,0.17564506570288085,0.07410278251884064,0.03011525756132772,0.48202727510916904,0.5140937949612413,0.059414417751073964,0.059832490308586686,0.06227425405559425,0.07023279696709513,0.07252836640037266,0.1367018100182275,0.13416654153961838,0.14797758621159385,0.11841883344648314,0.06994102519327952,0.04454027722739297,0.020092670951092198,0.3761653200665935,2.4641935483870974,0.04671638267153248,0.06280958021001913,0.07452764046644211,0.08960184718880003,0.00939144252304244,0.03381206145239938,0.23902004368249086,3.006290322580645,0.4167927404139529,0.040627420347359534,0.20036624657048646,0.17579907349610696,0.1988185607766105,0.0011511513826697331,0.07620239811107077,0.002220029143764476,0.0004365781668456485,0.2906480720933304
37,10488084,0.4441693068057044,0.00970873230992429,197.02599999999998,0.6225112232129338,0.19532909919485766,0.011642736652376164,0.01992375347108204,0.0006296669630029661,0.07628848128981422,0.039476228451259546,0.01966031164510124,0.44293047233412697,0.4662425472564865,0.06026267524173148,0.06063500254193235,0.06017343110524286,0.06288956114386575,0.06307853750980638,0.11885802974118055,0.12653893694978033,0.1304953316544757,0.10857664755545436,0.0665104322200318,0.03709457323186961,0.014059860695242336,0.3570866709305532,2.4489,0.04151072779356077,0.05491756168238164,0.07483616645328164,0.09793409358658836,0.009549217950580868,0.03302357227497415,0.23828699312476906,2.9498999999999986,0.412613781506708,0.055527110576154816,0.2381655219389929,0.11892114899156032,0.2271660867704721,0.0010434093148948844,0.08079054286750564,0.0020423325113528828,0.001184296388167753,0.27717216986439086
38,762062,0.3884513333560786,0.008299849618534975,8.620754716981134,0.7944878500699418,0.010445344342061407,0.04801577824376494,0.009066191464736466,0.0004199133403843782,0.017671790484238815,0.004604612223152447,0.015553852573675109,0.4459794609887385,0.4366140812689781,0.0585188606701292,0.05258889696638856,0.05221359941842002,0.06229676850439991,0.07736378404906688,0.11873705813962646,0.09876099320002836,0.12683613669229013,0.107365279990342,0.061508118761990485,0.044505565163989284,0.02189848070104532,0.3689883500292627,2.2877358490566038,0.057053100666349985,0.05916185297259278,0.07121074138324704,0.10793741191661572,0.00898352102584829,0.02116363235537266,0.2242809640160512,2.856037735849056,0.41663014295424783,0.04764179292498511,0.2413753736572615,0.12761297637200122,0.2398505633399907,-0.0023428856326650578,0.06577023916689194,0.0009919921174392633,-0.002266219808886941,0.3073345738273264
39,11689100,0.3730337665004149,0.019347682884054376,288.58068181818174,0.8160967910275385,0.12042680788084625,0.0021637251798684244,0.016445491954042653,0.00034784542864720123,0.030342284692576844,0.01112403863428322,0.020340744796434284,0.4818297388165042,0.5051157060851562,0.061669076318963824,0.06398174367573209,0.06627533343028975,0.07046581858312445,0.06528441026255229,0.1206216902926658,0.12659922491894154,0.14904406669461293,0.12424104507618207,0.07273733649297208,0.046312547587068285,0.01971315156855532,0.3938228777236913,2.505909090909091,0.050259301400449985,0.0633978663883447,0.07647389448289432,0.1094665970861743,0.010769434772565895,0.03400296002258514,0.2559332198372843,3.000227272727272,0.4386572105636876,0.04483433283999624,0.2661500029942425,0.1276728747294488,0.2403548605110744,0.001349745367051356,0.08750639484648091,0.002424230046282434,0.0006145896604529006,0.2736728233995774
40,3956971,0.2878330419909572,0.009029886749233187,68.4038961038961,0.684069961594361,0.07016579095474798,0.08129627434722166,0.016445912795418516,0.0011041273741960707,0.0839043298523037,0.039022019620563314,0.055931923686072,0.4692925472539475,0.4787434631186329,0.06674954150535851,0.06553901961879427,0.06410559996522593,0.06684001474865497,0.068042449641405,0.12806639219746618,0.11648733336686068,0.1328316533024882,0.11131797528968496,0.07087921544029513,0.04153050401430791,0.015646311282038708,0.3690828161237472,2.484415584415585,0.04624673771933128,0.0551320694541355,0.07865359639987253,0.10391913410535483,0.011509308508957988,0.03089863433419148,0.2464680686312839,2.9996103896103903,0.4206192059532405,0.051536389829493316,0.248108970219898,0.1209738459038492,0.243285078409723,0.002166848746174789,0.0882270807645545,0.002798772740563425,0.00019459328865437732,0.29640550815257427
41,4217737,0.16905534887547516,0.0043689305426108825,109.03055555555557,0.7597946481727049,0.01640832512790627,0.012614110362974268,0.033492605157694755,0.0031780075429074877,0.10670698528618544,0.04851535313842471,0.03432148566873658,0.4495306369268639,0.4587938982444851,0.056323094588401325,0.05624200845145157,0.05750785314494479,0.060425768605297116,0.05999615433584408,0.1242713806005448,0.11843436421000172,0.12781143063211384,0.12081502473957005,0.06876697148257466,0.039267502928703235,0.01846298145190181,0.3601310370940625,2.4147222222222218,0.04387376453297112,0.054934435219645035,0.0712363051560588,0.10272925979026193,0.010162321643099131,0.02489747464102195,0.2284322137677148,2.916944444444445,0.3972656426894328,0.03713460559537022,0.2239316960730363,0.1361993410210262,0.21326934325208044,0.0009569737622331598,0.06896968682494901,0.0017003130894600589,0.0006892321640728193,0.2657569687251718
42,12801989,0.610897572244438,0.04191122176405557,459.26865671641787,0.8128649384091801,0.1076152307270378,0.002096783554492977,0.02726826276760588,0.0002853462848624538,0.05621470226228128,0.02351064354140595,0.018577972532236985,0.4835469707090047,0.5086722071078174,0.0569863011130536,0.058868586748512274,0.061799068879062474,0.0706972955530582,0.06828204586021751,0.11803782990283775,0.12620452962426384,0.1515705098637407,0.12672593297807086,0.07651451661144218,0.05265533347982099,0.0238772272027417,0.3920409555108976,2.418358208955224,0.04847488933164995,0.06349325874284066,0.07613090434619182,0.11272763943165395,0.00973739315039249,0.02970358746597892,0.2547500236096125,2.9376119402985066,0.4348789082696447,0.0428379527587471,0.2727483987058573,0.11929255680504022,0.2313399113215923,0.0009511186650761848,0.08101155218927307,0.002282232978953505,0.0004414157831255753,0.30011250595512934
44,1059361,1.2270651836342852,0.04943074173959585,1109.9,0.8088545830930155,0.0568163260682619,0.005718541649163978,0.028750350447109156,0.0005229567635584093,0.12333378329011545,0.060086221788417736,0.032837720097303943,0.4799119469189445,0.5136747529878861,0.05422891724350812,0.0570532613528344,0.06024763985081572,0.07556064457724987,0.0775627949301513,0.11984771952148512,0.1291910878350251,0.153252762750375,0.1232714815818215,0.06973921071287313,0.048380108386093135,0.025251071164598283,0.3904240386421626,2.408,0.04953552188536297,0.06608889698601328,0.072665503072135,0.10093348726260454,0.00971906649385809,0.03373826297173485,0.2450165713104409,2.9840000000000004,0.4374221818624624,0.046998143220299785,0.2368899742391876,0.153534064402975,0.2156045012040277,0.0013587590462552427,0.0733744209952981,0.001963549846558444,0.00025487062483893594,0.3086738137424353
45,5148714,0.5312151733423142,0.012237813170434405,140.9326086956522,0.5943231649689612,0.2506808496257512,0.003792014860409803,0.011469077521105271,0.0005255681321588263,0.045774925544514615,0.02203734757844386,0.01552523601039017,0.4370219437319688,0.4613313149652515,0.05871310777798106,0.05746153311292877,0.05773985503953026,0.06389731494116782,0.06457806745529078,0.1149910443656416,0.11678489036291392,0.12807625360429808,0.11338656604348192,0.0716767332580524,0.03731300670419837,0.013734886031735305,0.34983123941240474,2.505434782608696,0.040964598150140016,0.051853530804002713,0.06803407608191094,0.09704772881150517,0.009151022954469795,0.03611717411376899,0.23625608258683625,3.021739130434783,0.41518775367985095,0.0653565142674462,0.24254697386570706,0.10728426554669768,0.2383676778317848,0.0011677271555576788,0.09295932926163697,0.002225996841347179,0.0019249466954272465,0.2574761387018195
46,870482,0.6231076575965959,0.007842781355616774,14.315384615384614,0.8029976495780499,0.011721092452227615,0.06752695632994134,0.008726199967374395,0.0004503252221183207,0.02506772110164254,0.00857111347506324,0.01972010908898748,0.460296709179512,0.4594167369342502,0.06665157924000728,0.0622000225162611,0.06034243097502302,0.06447347561465946,0.06471472126936571,0.11918339494670767,0.10521067638388848,0.1326598367341312,0.11126823989467904,0.06561422292477041,0.04537371249491661,0.022021133119352262,0.36662217024590976,2.4327692307692312,0.051281933457555696,0.056901808423379226,0.07538467194037328,0.10916021238807924,0.01033105796558688,0.025304371601021045,0.23478141994894786,3.0010769230769228,0.4133859172274671,0.046763746981557344,0.2502647958257609,0.11635737442014885,0.2247410055578404,-0.0016737979590617615,0.0689376690155569,0.0008629706920993197,-0.003336082767937763,0.33832520373769936
47,6829174,0.5143387765489648,0.0071099374536364125,138.7642105263158,0.720723765421704,0.15482326266690524,0.0029277332807745122,0.013360620186277284,0.0005333002204951872,0.04247351143784007,0.02078655486007532,0.01610868312917492,0.4529836258382053,0.4762802939272012,0.05971629951147825,0.06035590834264876,0.061345779152793586,0.0640174053260321,0.06241516177505507,0.12065836951877346,0.12507076258417196,0.135658573057298,0.11505271354925208,0.07132253476042638,0.03901950660504477,0.014630905582432078,0.36513229857666535,2.477684210526317,0.04311531672790882,0.055181490470150564,0.07446947463924627,0.1034135314168302,0.00992330844110869,0.03303986690044799,0.2458828842258229,2.9552631578947364,0.4117823033942319,0.046650004817566516,0.24901869537955834,0.116113603197107,0.2419696730527001,0.0013099532693119256,0.09319692249750848,0.002534709565168498,0.0008905908679439123,0.23610088130716833
48,28995881,0.4442342000230998,0.007219922029615172,105.21417322834648,0.6104850547565704,0.10275935399238258,0.005896423702387246,0.03326665604676747,0.0007468647012311853,0.3262849988934635,0.09063997745059033,0.023417153629510343,0.4301397153616405,0.43707176891779903,0.0665085154681108,0.06650027291807413,0.06490173552581485,0.06494453470822288,0.06266679739787867,0.12462021760952875,0.11927149238886725,0.11847668984432652,0.08958827634863034,0.05077466002843645,0.028433383348483183,0.01052490869306575,0.30773105324856315,2.60972440944882,0.03499134928854205,0.03961462664300491,0.0792613612947301,0.07645085865816596,0.009429994556813086,0.02975764040416637,0.21510462123913396,3.1107086614173225,0.3440983910783742,0.03636733782981107,0.19607450451324449,0.11165654873531863,0.206054439249492,0.0012178983999485994,0.06853401005473847,0.001956056020474081,0.0004664110740418613,0.24035375921152388
49,3205958,0.5108538539806199,0.004194066173044063,96.04827586206896,0.7422305594770736,0.009135178938713484,0.010270564991805882,0.01724445547945419,0.007658865150448009,0.11177314238053024,0.05201378183993677,0.02355551757072301,0.4330427909535933,0.4290661324945617,0.08232297491108742,0.07784630990175168,0.07110230389793004,0.06896222595554903,0.0706556355385816,0.1390183527045582,0.10370535109942176,0.09574797923116896,0.07493579142334368,0.04311472576995706,0.025030583682007064,0.009666689332798495,0.2737690262941685,2.9393103448275864,0.023649405263574882,0.027510965521070456,0.09219085215713993,0.07494390132372289,0.007268654174508835,0.017795616785996574,0.2059396910377491,3.407241379310345,0.30559009194755515,0.0318210656533866,0.19280882656603734,0.08096019972813119,0.16444944069760115,0.00030617726900976236,0.04532093059235336,0.0017434285801623108,9.045658115296582e-06,0.24439559095908306
50,623989,0.19470695797522072,0.00936875489792288,65.85714285714285,0.9556129995881336,0.010059472202234337,0.0035369213239335954,0.012735801432397043,0.0002564147765425352,0.0147566703900229,0.003373456903887729,0.017232675576011755,0.4939285788691788,0.5088791629339621,0.05120603087554428,0.055536235414406346,0.06031676840457124,0.07373847936421958,0.07027527728854195,0.1115756848277774,0.12557753421935322,0.16443078323496088,0.1441900418116345,0.07938922000227568,0.04606331201351306,0.020508374346342645,0.4109719882882551,2.3392857142857144,0.051590653040358085,0.06416940042212282,0.07588755571011667,0.12346692008993748,0.011553088275594602,0.02679534414869493,0.2569917097897559,2.8314285714285714,0.5168985350703298,0.10592654678207468,0.29072147105157303,0.12025051723668205,0.20446834799972435,0.0016258771003976034,0.06562455427900171,0.0020358728647460133,0.0010945705773659472,0.3143100279011329
51,8535519,0.5699439014780472,0.016393847872636685,851.3699248120301,0.6422687360897446,0.18161086631053133,0.0034224046598689546,0.051531605752385995,0.0007004846453976612,0.07400733335606187,0.029786237954598893,0.027330616919720992,0.4596216117613938,0.4770293405708546,0.05965964108333659,0.059926174377914226,0.059857402930038585,0.06450422054007494,0.0669776495137554,0.12767026820513197,0.12983803328186605,0.1421263311580702,0.11179238192780076,0.06435261874526903,0.03564387824571652,0.014302352323274072,0.3577323183276846,2.446541353383459,0.04029526499794564,0.052757190277474636,0.08059146725582826,0.09910434268847623,0.008588112802513825,0.02863539990948412,0.2396568972548711,2.9470676691729323,0.39388571450663984,0.036153396178955265,0.2406090361933469,0.1171232821343377,0.2207854027388376,0.0007400490045186474,0.07807715031739723,0.0019278683760179075,0.0014569705720296562,0.2832014081393293
53,7614893,0.3841239791550584,0.01657147382110294,131.11025641025645,0.6823946180202399,0.031522701632183146,0.01364024418990523,0.06317449240586834,0.005315242118306849,0.09925155875466668,0.045936167455012174,0.0410939457717922,0.43988891242463946,0.4431884991686685,0.05773646458328436,0.05645213924870645,0.057549462612278335,0.06068739245580995,0.06060649834475677,0.1226256232359404,0.11928007392881293,0.12977267047613145,0.10967521145733762,0.06004286599956165,0.03324879285894102,0.015400216391747068,0.3440725956359465,2.481794871794872,0.0435143343445535,0.04993661762548732,0.07403321359866777,0.09522051064932888,0.00987013212135745,0.024087666103778483,0.2215993054662751,2.9776923076923074,0.378951746268792,0.0348791506328454,0.21982186749045587,0.12425072814549068,0.200485023230136,0.00094267372607862,0.06350909986522463,0.00167931762337304,0.0004030260175684675,0.28140605521311984
54,1792147,0.14843871624370097,0.004352321545051829,96.60181818181822,0.9708958026322616,0.03522255707818611,0.0021131079091168303,0.0069224232163991005,0.0002388196950361773,0.012425320021181298,0.0034143404530989924,0.01514496299689702,0.5097717988535538,0.5241802151274421,0.05806443333052479,0.059155861656437776,0.060846013189766235,0.06701012807543133,0.06539865312387877,0.12314726414741647,0.13251926320776142,0.15409227033273498,0.14776968630363468,0.09124251526241987,0.0546623686561426,0.020043556694847017,0.4262100151382671,2.375454545454545,0.05424164424012093,0.06701403400502302,0.07950129090973006,0.1327725906412811,0.011542021943512448,0.028889371240194025,0.2802962033806379,2.867090909090909,0.4921008153907018,0.06589080025243466,0.3130396111479695,0.11317040399029768,0.2890270719980001,0.001513667482075968,0.11730845739774695,0.0026879879228657016,0.000535670344006379,0.2880952287954057
55,5822434,0.3950526532374605,0.010946109479300236,160.76388888888883,0.8419274482115212,0.061683481513057935,0.009364812035653815,0.02219587203564695,0.00031378629624655255,0.05771744256783332,0.023335086323005117,0.017916390293131704,0.484745726615364,0.4919911500928993,0.06156239813109087,0.06330977731993184,0.06456526600387398,0.06856393734991242,0.06639010420727827,0.12395056775224933,0.12463275667873608,0.1500666216225036,0.12019217392588735,0.06878497892805653,0.04436512290220894,0.02035317188653405,0.3915489638869243,2.4081944444444443,0.05033616525322571,0.060014076587214214,0.07932129415292642,0.1149864472486936,0.01088634066096756,0.0277864892929658,0.25228572792753,2.915833333333333,0.4507321164997319,0.05918315261280764,0.266479276536239,0.1250696873506853,0.2324366407588304,0.0010381495651131467,0.06884268675265362,0.0020184292275361128,0.00011060666381104536,0.3010424849813669
56,578759,0.2053289884045,0.002698878116798184,6.504347826086956,0.8834057008184754,0.008203760114313558,0.02304240625199781,0.007647397275895494,0.0007377855031196059,0.08679087495831599,0.02945785724282473,0.021357767222626344,0.4966436807030215,0.4772089937262315,0.06946414656186772,0.06429792020512856,0.06212430389851389,0.06590307882901172,0.06966284757558845,0.1341646522991435,0.115706192041938,0.14440725759772202,0.12701832714480465,0.06836697139914888,0.03787414105007438,0.014862835826311125,0.3920094547125833,2.39,0.057453966158625615,0.052228993415221185,0.08159181973844035,0.1180318578199216,0.012455961807937328,0.024941296809207286,0.2533766213570761,2.920869565217392,0.4524646700958429,0.0604552153832597,0.2714031228888017,0.12060633182378155,0.21582731326856253,0.0004017107828992723,0.065296608778438,0.0020774384467455373,-0.0003697566690107627,0.25416105840254755
