,input,input,input,input,input,input,input,input,input,input,input,input,input,input,input,input,input,input,input,input,input,input,input,input,input,input,input,input,input,input,input,input,input,input,input,input,input,input,input,input,input,input,input,input,output,output,output,output,output
,Population,Sq Mile,White,African American,Native American,Asian,Hawaiian and Pacific Islander,Hispanic,Other Races,Multi race,Male,Female,Age group  less than 5 years,Age group 5 to 9 years,Age group 10 to14 years,Age group 15 to 19 years,Age group 20 to 24 years,Age group 25 to 34 years,Age group 35 to 44 years,Age group 45 to 54 years,Age group 55 to 64 years,Age group 65 to 74 years,Age group 75 to 84 years,Age group greater than 85 years,Households,Households with One Male,Households with One Female,Married Households with Children,Married Households with No Child,Male Headed Households with Children,Female Headed Households with Children,Families,Housing Units,Vacant Housing Units,Owner occupied Housing Units,Renter occupied Housing Units,Prevalence of obesity,Hypertension,Diabetes,CVD,HIV or AIDS,Population per sq mile,Average Household Size,Average Family Size,people_fully_vaccinated_per_hundred,total_vaccinations_per_hundred,people_vaccinated_per_hundred,distributed_per_hundred,share_doses_used
StateFIPS,,,,,,,,,,,,,,,,,,,,,,,,,,,,,,,,,,,,,,,,,,,,,,,,,
1,4903185,0.010533771,0.668013546,0.255203709,0.005755035,0.01093065,0.000623472,0.037853355,0.019764704,0.014531575,0.473200175,0.501622517,0.062195695,0.062863017,0.065193339,0.07005059,0.068388609,0.124189073,0.12634665,0.141510875,0.119928781,0.075563333,0.04315705,0.015435681,0.384197415,0.046906042,0.058473625,0.078022959,0.106052494,0.009363302,0.038237798,0.260328745,0.44294739,0.058749976,0.2677013,0.116496114,0.262921346,0.000923485,0.105656833,0.002907457,0.001523755,94.9327606,2.602828552,3.841296888,12.71,33.57,22.41,51.72,0.649
2,723231,0.779003583,0.654528083,0.032163997,0.135207147,0.05270377,0.010244306,0.054259289,0.015346411,0.071517952,0.50562545,0.466086216,0.073410847,0.0692144,0.069071984,0.070959348,0.074243222,0.141418164,0.12747656,0.152424329,0.118089518,0.048540508,0.020405652,0.006457135,0.354399908,0.051856184,0.039138256,0.084714289,0.090659831,0.013829606,0.027402033,0.23413128,0.421419989,0.067020081,0.223328369,0.131071539,0.240191585,0.001152495,0.058541462,0.002402472,0.000937598,1.283691144,2.82167116,4.271108066,21.42,54.08,33.18,77.98,0.694
4,7278717,0.015661792,0.641201052,0.035584293,0.040739185,0.024275569,0.001737669,0.260368551,0.104649762,0.029991549,0.436316318,0.441862762,0.062609248,0.062329666,0.061640534,0.063415297,0.060805222,0.117698353,0.11299986,0.115754741,0.099774177,0.068403813,0.038542369,0.0142058,0.327116716,0.03965273,0.045665603,0.069024665,0.088425611,0.011593939,0.027673146,0.216593117,0.390800467,0.063683751,0.215929126,0.11118759,0.192760345,0.001066101,0.067555175,0.001659399,0.001047223,63.84965493,3.057012839,4.616951894,15.85,44.51,27.89,54.55,0.816
5,2872032,0.017254373,0.741957262,0.146786317,0.007517326,0.012300002,0.002020869,0.062922349,0.033740919,0.019069774,0.473113809,0.49027866,0.065403171,0.065190081,0.065323437,0.067036509,0.065580049,0.124694989,0.121230892,0.134422249,0.116014028,0.077476504,0.044102573,0.016917987,0.379122517,0.046448299,0.056346865,0.078150592,0.109476148,0.010656915,0.034579698,0.256130503,0.435346472,0.056223956,0.253552189,0.125570328,0.249573125,0.001539568,0.09745365,0.00278326,0.001283208,57.95632378,2.637669766,3.904259701,12.88,36.93,24.77,55.1,0.67
6,38445917,0.003939099,0.543523074,0.059063463,0.009224699,0.121367947,0.003473841,0.35509339,0.160228432,0.045866795,0.468632417,0.474115834,0.064049792,0.063420103,0.065679094,0.071749986,0.070360918,0.134706112,0.131015499,0.132750013,0.101915244,0.057423601,0.034545229,0.01513266,0.318162316,0.033235831,0.040888503,0.080275989,0.076580044,0.010885785,0.026427202,0.218467074,0.346232917,0.028070601,0.177685084,0.140477232,0.174251768,0.001240633,0.063137524,0.001917043,0.000996766,253.8651324,3.143049787,4.577348801,14.76,42.89,28.66,55.34,0.775
8,5710532,0.015019679,0.708644133,0.035268693,0.009680009,0.024292658,0.001156285,0.179781498,0.063185006,0.029986698,0.43704562,0.435167862,0.059677627,0.060499267,0.057733675,0.058915176,0.060590852,0.126141137,0.121486404,0.128728111,0.103393344,0.053591154,0.029423353,0.01203338,0.341904047,0.045155162,0.050151019,0.077373352,0.091034951,0.009675806,0.023469267,0.218709395,0.382587997,0.04068395,0.224010127,0.11789392,0.156208388,0.000808697,0.045282996,0.001582363,0.001023112,66.57931714,2.924797204,4.572277286,16.43,43.43,27.64,53.14,0.817
9,3565287,0.001391969,0.777612013,0.101617626,0.003157109,0.038023587,0.000400529,0.134375437,0.055666206,0.02599398,0.487930986,0.514540064,0.056687162,0.062427232,0.067390087,0.070354504,0.063921362,0.11790832,0.135876298,0.161444787,0.12438045,0.071507287,0.046761172,0.023812389,0.384565675,0.044294611,0.06050705,0.084450424,0.104037347,0.008534516,0.031348668,0.254863353,0.417327132,0.032761458,0.259526372,0.125039303,0.197339793,0.000740863,0.068515101,0.001869748,0.001102003,718.406656,2.600336084,3.923671204,18.64,50.88,33.05,62.02,0.82
10,973764,0.002029003,0.635284319,0.19698202,0.004293648,0.029318192,0.000410777,0.075193784,0.03134127,0.024496695,0.446657506,0.475469416,0.057391729,0.058007895,0.058379648,0.066323052,0.064560818,0.114418894,0.119214717,0.137152328,0.113917746,0.074405092,0.042186813,0.016168189,0.351519465,0.037930135,0.051923259,0.070141225,0.099591893,0.010093822,0.032348701,0.236947556,0.416820708,0.065301243,0.253371453,0.098148011,0.229398499,0.00085674,0.085502237,0.002047669,0.001677907,492.852913,2.84479268,4.22034317,15.01,43.97,28.62,57,0.771
12,18440726,0.002694879,0.661373365,0.140763059,0.003336908,0.021116468,0.000579749,0.200913348,0.030486164,0.021929885,0.430043535,0.449542062,0.049666808,0.05004136,0.052571032,0.056766474,0.056132226,0.106300153,0.114040141,0.12948975,0.110132432,0.0813821,0.052175983,0.020887139,0.347470322,0.041406884,0.053540679,0.062288003,0.099485563,0.009485256,0.029627575,0.226510279,0.421033424,0.073563102,0.235234882,0.11223544,0.198144151,0.000840619,0.079282996,0.001830529,0.00128804,371.0742135,2.877943631,4.414810676,14.72,42.04,26.43,56.89,0.739
13,9078415,0.005494562,0.533231186,0.289077113,0.003044144,0.030584304,0.000664323,0.080069483,0.036536664,0.019416605,0.44509014,0.467464199,0.064733436,0.065348962,0.064839953,0.067226823,0.065029633,0.126158696,0.130611456,0.130249058,0.100542661,0.057222874,0.029675885,0.010914901,0.337756426,0.038056643,0.04843037,0.075740754,0.083534736,0.009340287,0.037150097,0.230536938,0.385537784,0.047781358,0.219372875,0.11838355,0.227019584,0.001010579,0.084372107,0.002272031,0.001640698,181.9981432,2.960713474,4.337699662,11.77,34.11,21.91,50.73,0.672
15,1415872,0.004540933,0.237732648,0.015131311,0.002940944,0.37085132,0.095645652,0.085348111,0.011996141,0.22645338,0.481147307,0.479604089,0.061733688,0.058876085,0.057589245,0.060735716,0.067681966,0.130896719,0.124568464,0.13685206,0.123995672,0.070997237,0.045468093,0.02135645,0.321595455,0.036348625,0.038640499,0.075070345,0.087427395,0.01002633,0.02314051,0.221705776,0.366917348,0.045321894,0.185526658,0.136068797,0.182426095,0.001152495,0.079585223,0.002402472,0.001174266,220.2190569,3.109496682,4.510482404,17.72,46.68,29.79,62.9,0.742
16,1352840,0.055638745,0.795881257,0.005889832,0.013095414,0.012030987,0.001301706,0.080194258,0.034704769,0.021772715,0.443943112,0.440733568,0.064936726,0.064999556,0.063632802,0.064557523,0.063664587,0.116595458,0.107754797,0.120041542,0.105102599,0.063643151,0.035008575,0.014739363,0.333996629,0.0384347,0.043677005,0.080804086,0.101001597,0.009986399,0.021403862,0.228069099,0.388364478,0.054367848,0.231194376,0.102802253,0.193612696,0.000871601,0.05895967,0.001869111,0.000440462,17.97308687,2.994042192,4.384636078,15.34,39.78,24.57,50.93,0.781
17,12654977,0.004409219,0.723961174,0.147460639,0.00347065,0.046372269,0.000319005,0.160102069,0.068005497,0.022891863,0.496537844,0.515943253,0.06594607,0.067825805,0.069404867,0.072750666,0.069347894,0.140185952,0.136223638,0.147643966,0.116230081,0.067004705,0.041389328,0.018528125,0.381672286,0.046982938,0.059248626,0.085127693,0.098940994,0.009833601,0.031396896,0.251155494,0.417940941,0.036268655,0.257491578,0.124180708,0.224592901,0.000956265,0.075015703,0.002257676,0.000972275,226.7975147,2.620048761,3.981597154,15.35,43.74,28.97,54.32,0.805
18,6732219,0.005374711,0.812199663,0.087845776,0.002742335,0.01522143,0.000348771,0.057886857,0.025743963,0.018998342,0.473801729,0.489298551,0.064477255,0.06607346,0.067165224,0.070632729,0.067143686,0.122893358,0.124896412,0.140632383,0.114248066,0.067189585,0.040625684,0.017122438,0.371668539,0.045083649,0.054722967,0.079069323,0.105307774,0.011214282,0.031331423,0.248673729,0.415248078,0.043579539,0.259643217,0.112025322,0.24174986,0.001266776,0.08590897,0.002317371,0.001092939,186.0565232,2.690569405,4.02133352,15.75,39.44,24.14,49.44,0.798
19,3137812,0.017805053,0.881243045,0.028401638,0.003528255,0.016897762,0.000636749,0.048239346,0.017877107,0.016957039,0.478058915,0.487482679,0.064154895,0.063648491,0.063735495,0.068833952,0.067789594,0.121375659,0.115610814,0.139329252,0.117914011,0.071011903,0.048529357,0.02360817,0.386900809,0.049467591,0.060535494,0.080914025,0.117009878,0.01044677,0.025307762,0.250230734,0.421812397,0.034911588,0.278777696,0.108123113,0.243382969,0.001152297,0.070711375,0.002028016,0.000904606,56.16383065,2.584641794,3.99631166,17.83,45.81,29.21,53.76,0.852
20,2860012,0.028047347,0.818813348,0.058367587,0.009389821,0.023508992,0.000753493,0.104148864,0.038212077,0.029558617,0.485517893,0.493086043,0.07061369,0.069580128,0.068348664,0.069785721,0.069493065,0.129759595,0.119221528,0.139577386,0.113623299,0.065142734,0.043246322,0.020211803,0.38112952,0.048109938,0.057752205,0.086018171,0.109135556,0.011005898,0.028016666,0.251965726,0.422329347,0.041199827,0.258463951,0.122665569,0.24065913,0.000787719,0.072705639,0.002192535,0.001073606,35.65399563,2.62377997,3.968793755,15.53,41.79,28.48,56.42,0.741
21,4419803,0.009026251,0.852345003,0.076024882,0.002267522,0.010918586,0.000562695,0.0297692,0.012474085,0.016850299,0.478012029,0.493431042,0.06331074,0.063471833,0.063720261,0.066252953,0.064223451,0.126877374,0.129327936,0.144180861,0.120744296,0.072733332,0.041125815,0.015474219,0.384921002,0.047159794,0.05862026,0.08021896,0.109727062,0.01092379,0.032446469,0.257617138,0.431085503,0.046164501,0.264552741,0.120368261,0.25077181,0.001334631,0.093533581,0.002522937,0.001131415,110.7879707,2.597935666,3.881729326,15.84,44.24,29.71,53.08,0.833
22,4605957,0.01008002,0.611532196,0.30999421,0.006607747,0.015156459,0.000421411,0.041334515,0.014878341,0.015680129,0.476980354,0.49729014,0.067497808,0.065796967,0.065868396,0.070179769,0.072792473,0.135139777,0.121277077,0.140526496,0.11510355,0.067111786,0.03882559,0.014150805,0.37177833,0.046603561,0.053511789,0.072484828,0.092613978,0.011725468,0.042764837,0.249227468,0.422815715,0.051037385,0.249603285,0.122175044,0.262744311,0.001382649,0.095043658,0.002734989,0.002110901,99.20614955,2.689774848,4.012398829,14.97,39.54,24.88,54.87,0.721
23,1344212,0.024169632,0.941050221,0.011684913,0.006373995,0.010095878,0.000254424,0.012598459,0.003169887,0.015578644,0.483596337,0.504611624,0.051718033,0.055137136,0.058780163,0.065696482,0.059251071,0.107590172,0.127491794,0.162604559,0.142909749,0.083804489,0.05154916,0.021675152,0.414532083,0.051637688,0.06704374,0.073396905,0.127529735,0.011969094,0.027522444,0.260837576,0.536991189,0.122459106,0.295650537,0.118881545,0.231837686,0.000695421,0.079023993,0.001963994,0.001155324,41.37423278,2.412358516,3.833803452,18.42,48.85,32.43,58.86,0.83
24,6045680,0.001637457,0.555650316,0.281241812,0.003377618,0.052740635,0.000522191,0.077845999,0.034211536,0.027243916,0.461777997,0.493210028,0.060289,0.060682669,0.062694188,0.067195253,0.065120549,0.126047359,0.131593468,0.149231187,0.115085152,0.063906293,0.036912142,0.016230763,0.356686262,0.038731292,0.05439355,0.077960626,0.091869566,0.00939398,0.033069398,0.239344788,0.393473356,0.036787094,0.240795907,0.115890355,0.231742997,0.001124567,0.080297171,0.002151386,0.001239065,610.7031236,2.803584289,4.178073009,15.61,42.92,29.07,55.17,0.778
25,6881104,0.001170623,0.76387786,0.06302913,0.002738514,0.050813067,0.000322913,0.091075066,0.044308442,0.024969394,0.459435434,0.490623888,0.053247706,0.055963549,0.058869769,0.067183696,0.069056651,0.12258934,0.128679933,0.146894888,0.116563272,0.06623472,0.043698221,0.021077577,0.369540411,0.044584416,0.06164941,0.076456045,0.094562442,0.007610407,0.028574921,0.232689696,0.406422574,0.036882163,0.230294877,0.139245534,0.187838463,0.00067057,0.067990689,0.001704431,0.001113824,854.2458393,2.706063993,4.297568891,17.37,48.53,31.93,55.84,0.869
26,9325861,0.005628825,0.777245447,0.139986967,0.005384704,0.024994475,0.000262389,0.044755117,0.015286739,0.022835211,0.483648212,0.502347719,0.059514398,0.063595308,0.067272931,0.07396293,0.06745404,0.11654881,0.127523024,0.150358986,0.12463439,0.071867895,0.044090085,0.019173136,0.385796121,0.048043607,0.059461963,0.077606454,0.107832725,0.010289559,0.032334065,0.254309173,0.450499745,0.064703624,0.278048536,0.107747585,0.238079358,0.001118799,0.079325544,0.002479513,0.000941245,177.6569695,2.59204265,3.932221506,15.64,41.2,26.77,52.56,0.784
27,5501792,0.013913788,0.799273219,0.049490421,0.010538748,0.038594516,0.000382239,0.044894282,0.01854723,0.022306369,0.465957274,0.473175467,0.063143063,0.063159422,0.06259924,0.064839601,0.06197817,0.12713276,0.121202147,0.143419271,0.111367533,0.062607601,0.038996203,0.018687729,0.369445446,0.046674974,0.05662555,0.081579783,0.106255925,0.009592874,0.02426155,0.239062109,0.415386478,0.045941032,0.269808092,0.099637355,0.201864956,0.001110209,0.059745443,0.001523731,0.000782066,71.87115166,2.706759578,4.183013374,17.04,45.36,29.59,51.55,0.88
28,2821230,0.015842792,0.584551419,0.375054852,0.00517044,0.008525005,0.000406206,0.027856999,0.013232172,0.011410271,0.484445791,0.513904574,0.071381986,0.069696196,0.070535547,0.075149492,0.068873151,0.130837613,0.126845737,0.140525232,0.116860377,0.071809813,0.040867636,0.014967585,0.374595478,0.044495132,0.053774418,0.074717056,0.095556548,0.010973937,0.047832328,0.259675035,0.427082159,0.052486681,0.26091173,0.113683748,0.269693715,0.001978748,0.107631423,0.003114715,0.002444561,63.12018751,2.669546375,3.850967031,13.9,36.71,23.64,54.25,0.677
29,5665102,0.011119406,0.80342684,0.119817437,0.004446522,0.016443128,0.001016398,0.034776249,0.013277431,0.020435996,0.478699766,0.500163986,0.063689056,0.063547841,0.064504046,0.069375803,0.068127458,0.127076441,0.121915369,0.144995095,0.118370508,0.073605206,0.044966357,0.018690573,0.38921647,0.049254365,0.061865612,0.077635142,0.109030164,0.01088577,0.032368526,0.253029336,0.445094016,0.055877546,0.266807906,0.122408564,0.23802996,0.000950212,0.08584894,0.00249727,0.000999044,89.93286034,2.569264351,3.952110905,13.63,38.64,24.46,53.05,0.728
30,832494,0.141234195,0.842420486,0.003509935,0.045470598,0.006100945,0.000622227,0.023582152,0.004635469,0.02151487,0.466637597,0.457636932,0.05622503,0.055286885,0.05602683,0.062811264,0.064422086,0.114506531,0.105349708,0.140433445,0.132095847,0.076192741,0.042520427,0.018403736,0.386026806,0.057338551,0.058253873,0.071747064,0.118197849,0.01087215,0.022756921,0.240123052,0.458104203,0.072077396,0.261253535,0.124773272,0.185178512,0.000771969,0.057512727,0.001896599,0.000613643,7.080438271,2.590493675,4.164531443,17.41,45.59,29.05,59.19,0.77
31,1761886,0.039476635,0.807148703,0.045827029,0.009640238,0.017322347,0.000611844,0.080336072,0.037525697,0.020830519,0.46576623,0.473140146,0.067831857,0.066398167,0.062828696,0.066120623,0.0675458,0.127823253,0.113905781,0.132669197,0.109156325,0.062399043,0.042533966,0.019693669,0.371545605,0.049095117,0.057839724,0.081926413,0.105605584,0.009511966,0.02579168,0.239765229,0.410453344,0.038907739,0.249031436,0.122514169,0.227496558,0.001177665,0.066340842,0.001889875,0.000447154,25.33143992,2.691459638,4.170746546,16.51,44.36,28.62,55.44,0.8
32,3080156,0.035894731,0.580064127,0.070978872,0.010409213,0.063450033,0.00547732,0.232618413,0.105446932,0.040931368,0.442710045,0.434047821,0.060866398,0.059437574,0.059468741,0.059282712,0.057629873,0.125735839,0.124358312,0.122242834,0.102429552,0.064211358,0.031294194,0.009800478,0.326687999,0.043543574,0.040351203,0.06895917,0.081198485,0.012724356,0.027084992,0.213177839,0.38108914,0.054401141,0.192029235,0.134658764,0.183561807,0.000900174,0.072660606,0.002269154,0.0011331,27.85924234,3.061024596,4.690919115,14.9,41.37,26.39,50.27,0.823
33,1359711,0.006815088,0.909053468,0.011057497,0.002316669,0.02089194,0.000282413,0.026993972,0.008871003,0.0157254,0.477597078,0.490601312,0.051338851,0.057185681,0.062233813,0.068852867,0.06217939,0.10625199,0.131776532,0.166183108,0.131088886,0.071163652,0.041733133,0.018210487,0.381678901,0.044793342,0.053063482,0.081896079,0.11714254,0.010438983,0.023994805,0.253139822,0.452121076,0.070442175,0.27087815,0.110800751,0.213151912,0.000860154,0.070652514,0.001853055,0.000756778,146.7332502,2.620003353,3.950385971,16.15,43.1,29.7,54.67,0.788
34,8882190,0.000850361,0.678801962,0.135645151,0.003267888,0.08170575,0.000342596,0.175085649,0.063016216,0.027054476,0.48181811,0.508015929,0.060910654,0.063582292,0.066125021,0.067336884,0.060935197,0.124946776,0.139413478,0.15527657,0.117782326,0.068838203,0.04446516,0.020221477,0.361888228,0.037672016,0.053659176,0.088566558,0.096452789,0.008562303,0.028536543,0.250682095,0.400077233,0.038189005,0.2367057,0.125182528,0.201254758,0.001027733,0.072502277,0.002078286,0.001159855,1175.97083,2.763284137,3.989116171,16.79,45.64,31.24,53.97,0.846
35,2096829,0.057986898,0.671431004,0.020292547,0.092149622,0.013452695,0.000863208,0.454688007,0.147128354,0.036726886,0.485218871,0.496825445,0.069142977,0.068345106,0.067573941,0.071470301,0.067897764,0.127451976,0.118523256,0.139262191,0.122535505,0.073345991,0.041237507,0.015257801,0.377424673,0.050603554,0.054959179,0.074777199,0.096125626,0.01507896,0.035859386,0.24737258,0.429881502,0.052456829,0.258543734,0.118880939,0.195220497,0.001123661,0.065514641,0.001939204,0.001245588,17.24527487,2.649535314,4.042485223,22.04,56.81,36.14,63.78,0.891
36,19453561,0.002497169,0.65494302,0.158007061,0.005495446,0.073006891,0.000450612,0.175645066,0.074102783,0.030115258,0.482027275,0.514093795,0.059414418,0.05983249,0.062274254,0.070232797,0.072528366,0.13670181,0.134166542,0.147977586,0.118418833,0.069941025,0.044540277,0.020092671,0.37616532,0.046716383,0.06280958,0.07452764,0.089601847,0.009391443,0.033812061,0.239020044,0.41679274,0.04062742,0.200366247,0.175799073,0.198818561,0.001151151,0.076202398,0.002220029,0.00121085,400.4535516,2.658405618,4.183749549,14.63,43.36,29.06,57.11,0.759
37,10488084,0.004704348,0.622511223,0.195329099,0.011642737,0.019923753,0.000629667,0.076288481,0.039476228,0.019660312,0.442930472,0.466242547,0.060262675,0.060635003,0.060173431,0.062889561,0.063078538,0.11885803,0.126538937,0.130495332,0.108576648,0.066510432,0.037094573,0.014059861,0.357086671,0.041510728,0.054917562,0.074836166,0.097934094,0.009549218,0.033023572,0.238286993,0.412613782,0.055527111,0.238165522,0.118921149,0.227166087,0.001043409,0.080790543,0.002042333,0.001600504,212.5692953,2.800440569,4.196620163,15.29,42.49,27.72,54.17,0.784
38,762062,0.09277463,0.79448785,0.010445344,0.048015778,0.009066191,0.000419913,0.01767179,0.004604612,0.015553853,0.445979461,0.436614081,0.058518861,0.052588897,0.052213599,0.062296769,0.077363784,0.118737058,0.098760993,0.126836137,0.10736528,0.061508119,0.044505565,0.021898481,0.36898835,0.057053101,0.059161853,0.071210741,0.107937412,0.008983521,0.021163632,0.224280964,0.416630143,0.047641793,0.241375374,0.127612976,0.239850563,0.001016303,0.065770239,0.001798578,0.000621257,10.77880883,2.710112663,4.458693159,18.99,51.28,30.73,57.44,0.893
39,11425785,0.003431378,0.813589438,0.12206111,0.002151275,0.016638157,0.000353061,0.030429419,0.011218748,0.020325518,0.481253411,0.505083896,0.061701931,0.064008206,0.066262143,0.070510429,0.065425789,0.120669783,0.126518222,0.14882461,0.123999008,0.072491999,0.046241724,0.019683462,0.393653565,0.050269544,0.063473101,0.076456716,0.109101125,0.01073458,0.034057354,0.25563784,0.43828901,0.044635445,0.265748568,0.127904997,0.239790877,0.001355315,0.087303236,0.002424191,0.000995683,291.4280883,2.540304696,3.911783949,15.61,42.31,27.37,54.64,0.774
40,3847976,0.017109686,0.682922399,0.071072429,0.080664484,0.016752183,0.001122408,0.0829948,0.03887992,0.055832729,0.468715761,0.478530791,0.06667999,0.06537073,0.063917498,0.066668815,0.068259002,0.12835553,0.116360653,0.132665848,0.111172731,0.070675597,0.041469593,0.015650565,0.369227095,0.046386464,0.055392237,0.078404595,0.103715044,0.011498253,0.030938083,0.246064684,0.420819672,0.051592578,0.247647594,0.1215795,0.243264251,0.002186535,0.088193118,0.002785534,0.000911968,58.44642717,2.708360285,4.063972051,16.49,46.19,29.64,63.96,0.722
41,4177513,0.023013705,0.759048266,0.016519637,0.012648913,0.0337057,0.003188021,0.107055083,0.048693325,0.034400372,0.44945282,0.458751415,0.056368466,0.056296653,0.057556254,0.060438352,0.060025427,0.124450361,0.118596878,0.127726951,0.120503994,0.06859847,0.039192457,0.018449973,0.359830358,0.043749954,0.054821613,0.071314201,0.102576341,0.010145749,0.024901897,0.228338727,0.395933178,0.03610282,0.223770698,0.13605966,0.21318258,0.001028354,0.069054004,0.001746253,0.001037318,43.45236975,2.779087358,4.379458595,15.38,41.2,26.58,52.29,0.788
42,12599915,0.003382549,0.80981086,0.109063752,0.002105411,0.027599551,0.000287065,0.056945305,0.023836034,0.01873211,0.483048655,0.508386128,0.057022289,0.058905953,0.061846528,0.070391189,0.067827124,0.118230559,0.126309503,0.151585229,0.126552441,0.076309801,0.052585434,0.023868732,0.391689468,0.0484162,0.063495825,0.076123847,0.112350679,0.009732764,0.02984417,0.254578781,0.434092611,0.042403143,0.272386044,0.119303424,0.230978145,0.000948714,0.080932054,0.002282167,0.000717104,295.6350366,2.553042863,3.928057148,15.27,44.3,30.01,55.96,0.792
44,895069,0.001019754,0.783906045,0.064558151,0.006279963,0.030253534,0.000575375,0.1400406,0.069316444,0.035435257,0.478656953,0.511667816,0.055031512,0.057158722,0.059873596,0.077996222,0.081693143,0.120525904,0.12738571,0.149675612,0.120423118,0.06841372,0.047264513,0.024882998,0.385394869,0.049406247,0.065015099,0.070920789,0.097643869,0.009687521,0.035158183,0.241114372,0.435370904,0.049976035,0.225575905,0.159818964,0.212137835,0.001337823,0.071984394,0.001954494,0.000915081,980.6288688,2.594741343,4.147409343,18.76,48.64,30.87,58.15,0.836
45,4706563,0.006007966,0.588065219,0.256473567,0.00392027,0.011213278,0.000540734,0.045137821,0.021425401,0.015609267,0.436451823,0.460795914,0.058717582,0.057358629,0.057498859,0.063789011,0.065187909,0.115902836,0.116450582,0.127738012,0.112905957,0.071098804,0.036956905,0.013642652,0.349365981,0.040906071,0.05192494,0.067688247,0.096380947,0.009117694,0.036309511,0.235399377,0.415445836,0.066079855,0.241549725,0.107816256,0.238640596,0.001160271,0.093045817,0.002206808,0.002249926,166.4456851,2.862327914,4.248099595,13.95,39.19,25.75,51.51,0.761
46,851115,0.083374714,0.810378151,0.011958431,0.058196601,0.008878941,0.000457048,0.02527273,0.008721501,0.019756437,0.459815654,0.458531456,0.066126199,0.061668517,0.059888499,0.064245137,0.064901923,0.119486791,0.10536884,0.132871586,0.111277559,0.065417717,0.045120812,0.021973529,0.366868167,0.051260993,0.05704752,0.075772369,0.109553938,0.010169014,0.024680566,0.234676865,0.412755033,0.045886866,0.250849768,0.116018399,0.224679391,0.001161993,0.068571227,0.001923126,0.000738602,11.99404409,2.725774787,4.26117845,20.98,53.32,33.29,65.73,0.811
47,6557075,0.005829795,0.713361827,0.159843985,0.002915019,0.013705806,0.000541705,0.043066154,0.021069608,0.016228425,0.451673345,0.47599303,0.05981966,0.06035679,0.061339393,0.06387345,0.06231254,0.120938071,0.124974474,0.135547634,0.114523168,0.070589249,0.038786197,0.01460575,0.364448172,0.043019944,0.055183752,0.074315606,0.102768994,0.009881693,0.033224723,0.245244869,0.410496754,0.046048581,0.248139757,0.116308415,0.241886664,0.001325391,0.092813945,0.002526928,0.001250284,171.5326319,2.743874372,4.077557275,12.63,36.28,23.61,52.05,0.697
48,26992732,0.008751951,0.60454303,0.10391964,0.005879879,0.034660145,0.000666439,0.329199282,0.091815456,0.023315647,0.428761083,0.436039153,0.066640272,0.066660944,0.064937702,0.064986827,0.062783085,0.125045364,0.119670362,0.117768924,0.088502379,0.049735314,0.02778522,0.010283842,0.306160303,0.034788735,0.039472292,0.079403819,0.075213876,0.009351184,0.029658836,0.213779509,0.341060253,0.03489995,0.194097285,0.112063018,0.203591396,0.00133931,0.067287324,0.001999222,0.001184419,114.2602413,3.266262775,4.677716791,12.34,36.9,24.04,50.56,0.73
49,3107616,0.024787471,0.739692742,0.009305847,0.009667861,0.017553005,0.007857792,0.112356546,0.052548642,0.023702414,0.431973899,0.428354404,0.08247158,0.077848743,0.071050606,0.068991471,0.071109172,0.139359561,0.10336734,0.094589229,0.074055482,0.042827363,0.024987321,0.009670435,0.272286216,0.023320771,0.027347652,0.09204226,0.074344449,0.007180746,0.017729668,0.205042064,0.299792832,0.027506616,0.191339921,0.080946295,0.164401265,0.000604871,0.045201852,0.001834303,0.000619125,40.34296275,3.672606041,4.877048048,10.9,39.79,24.44,46.8,0.85
50,588519,0.015185321,0.952278516,0.010142408,0.003590368,0.013046308,0.000244682,0.014753984,0.003384768,0.01747777,0.493190534,0.506974286,0.051102853,0.055502031,0.060303915,0.073632287,0.070886411,0.112536724,0.125870193,0.164076266,0.143381947,0.078121522,0.044815885,0.019934785,0.40945492,0.051390015,0.063489879,0.076012839,0.12270292,0.011513647,0.026558191,0.255884687,0.51250172,0.103046801,0.289523363,0.119931557,0.202761508,0.001632637,0.065100702,0.002020706,0.001082378,65.85306903,2.442271301,3.908010332,16.87,48.6,31.43,63.03,0.771
51,7811736,0.004559189,0.640090884,0.17960694,0.003447377,0.054115884,0.000721479,0.076497081,0.03064018,0.027961646,0.459920689,0.476663702,0.06006245,0.059782614,0.059456694,0.064107901,0.067946485,0.129407215,0.129848346,0.141579029,0.110798419,0.063871974,0.035432457,0.014290806,0.358210902,0.040855323,0.053180113,0.080338352,0.098273674,0.0085529,0.028571882,0.238462616,0.394697158,0.036486256,0.23846684,0.119744062,0.219427154,0.000803909,0.077356045,0.001919473,0.001759105,219.3372601,2.791651493,4.193529442,15.51,42.98,28.32,52.6,0.817
53,7354314,0.007418877,0.681027217,0.0323504,0.01319484,0.064740913,0.005462916,0.09526327,0.043602299,0.041483679,0.439073039,0.442789225,0.057459608,0.056260448,0.057383462,0.060058763,0.05962514,0.122978839,0.119936951,0.13028258,0.109750957,0.059688232,0.033051213,0.015386071,0.344176357,0.043515004,0.050117659,0.07407421,0.095091126,0.009819135,0.024074713,0.221539358,0.378156685,0.033980328,0.220087285,0.124089072,0.199668113,0.000949719,0.063315219,0.001684401,0.000989995,134.7912923,2.905487201,4.513870629,16.22,43.74,28.14,54.03,0.81
54,1311150,0.015324509,0.97177821,0.03877207,0.002159173,0.005545513,0.000218129,0.013164779,0.003850055,0.015046333,0.511282462,0.526087023,0.058896389,0.060617778,0.062241544,0.063838615,0.055740381,0.122233917,0.135292682,0.158010144,0.151663044,0.092984022,0.055556572,0.020294398,0.426045838,0.052985547,0.065777371,0.081251573,0.135420051,0.011930748,0.029363536,0.285909316,0.495784617,0.069738779,0.320616253,0.105429585,0.293330283,0.001512385,0.120184571,0.002716286,0.000980408,65.25494545,2.347165285,3.497612506,18.3,47.24,28.81,59.57,0.793
55,5161811,0.009143425,0.830500381,0.068259764,0.009975569,0.023520815,0.000298732,0.060337738,0.024460989,0.018688983,0.483472758,0.492232474,0.061874408,0.063204174,0.064348733,0.06863347,0.067377709,0.125485997,0.124322064,0.1488156,0.119380775,0.068049373,0.044014591,0.020198337,0.391817329,0.050804069,0.060711057,0.078341884,0.113196706,0.010913224,0.028622513,0.250746686,0.448825422,0.057008093,0.263577454,0.128239876,0.233063744,0.001047259,0.069014925,0.002019743,0.000653795,109.3682112,2.55220973,3.988088606,17.31,47,30.1,51.46,0.913
56,412780,0.207586051,0.890762634,0.005429042,0.028412229,0.00759,0.000600804,0.080280052,0.028976695,0.020102718,0.500528126,0.481345995,0.068566791,0.063612578,0.061611512,0.066849169,0.070919134,0.134136828,0.114654295,0.143829643,0.130943844,0.071522361,0.039856582,0.015371384,0.396819129,0.058697127,0.053200252,0.081229711,0.120577547,0.011945831,0.024162992,0.254246814,0.467430593,0.070611464,0.27341441,0.123404719,0.211078541,0.000950802,0.06459373,0.002085126,0.000484717,4.817279373,2.520039805,3.933185959,16.61,42.09,25.42,61.16,0.688
